Bacteria14_00257	gb|CAA37477.1|ARO:3002891|otr(A)	34.4	131	80	3	40	423	4	131	6.0e-14	72.4
Bacteria14_00257	gb|CAA10975.1|ARO:3000194|tetW	31.1	148	94	4	40	468	4	148	1.3e-13	71.2
Bacteria14_00257	gb|AMP42147.1|ARO:3004442|tet(W/N/W)	32.8	131	82	3	40	423	4	131	2.3e-13	70.5
Bacteria14_00257	gb|CBH51823.1|ARO:3000556|tet44	34.1	132	79	4	40	423	4	131	3.9e-13	69.7
Bacteria14_00257	gb|ACH87088.1|ARO:3000196|tet32	31.8	132	82	3	40	423	4	131	5.1e-13	69.3
Bacteria14_00257	gb|AAF01499.1|ARO:3000193|tetT	31.8	132	82	3	40	423	4	131	3.3e-12	66.6
Bacteria14_00257	gb|CAD55718.1|ARO:3000197|tet36	32.6	132	81	3	40	423	4	131	5.6e-12	65.9
Bacteria17_02830	gb|AAA99504.1|ARO:3002987|bcrA	31.4	207	130	4	94	714	19	213	1.2e-23	104.4
Bacteria17_02830	gb|AAC74000.1|ARO:3003950|msbA	30.9	220	138	6	88	735	356	565	8.0e-17	81.6
Bacteria17_02830	gb|AAK76137.1|ARO:3000024|patA	27.1	218	144	7	103	744	346	552	2.3e-16	80.1
Bacteria17_02830	gb|AET10444.1|ARO:3004032|tetA(46)	26.7	243	131	7	67	735	339	554	5.8e-15	75.5
Bacteria17_02830	gb|AAF67494.2|ARO:3002522|novA	25.9	259	163	5	67	810	368	608	1.3e-14	74.3
Bacteria17_02830	gb|WP_104671188.1|ARO:3003948|efrA	28.5	221	135	7	97	735	349	554	1.3e-14	74.3
Bacteria17_02830	gb|AYV52072.1|ARO:3002882|lmrD	24.8	254	167	7	7	735	406	646	2.4e-13	70.1
Bacteria17_02830	gb|ANZ79240.1|ARO:3004035|tetA(60)	25.5	220	139	7	103	735	355	558	1.3e-11	64.3
Bacteria17_02830	gb|AKA86814|ARO:3003746|optrA	23.0	222	137	6	97	684	36	249	3.9e-11	62.8
Bacteria17_02830	gb|NP_862226.1|ARO:3004639|Corynebacterium	51.3	39	19	0	475	591	444	482	1.7e-06	47.4
Bacteria24_00292	gb|AAA65955.1|ARO:3002942|vanHA	37.7	265	143	5	193	978	72	317	9.8e-42	164.5
Bacteria24_00292	gb|ACL82960.1|ARO:3002947|vanHM	37.1	267	146	5	193	984	76	323	1.7e-41	163.7
Bacteria24_00292	gb|AAF36802.1|ARO:3002945|vanHF	36.1	269	150	5	193	990	72	321	1.1e-40	161.0
Bacteria24_00292	gb|AAB05626.1|ARO:3002943|vanHB	36.1	263	150	5	193	978	73	318	4.1e-40	159.1
Bacteria24_00292	gb|AAM09850.1|ARO:3002944|vanHD	32.8	308	179	6	58	978	38	318	6.0e-39	155.2
Bacteria24_00292	gb|AHA41499.1|ARO:3002948|vanHO	34.2	266	153	5	193	981	101	347	1.7e-38	153.7
Bacteria29_00473	gb|ATC67679.1|ARO:3000838|arlR	46.8	220	114	2	4	663	3	219	1.0e-50	193.7
Bacteria29_00473	gb|CCP46065.1|ARO:3000816|mtrA	38.1	218	133	2	4	654	7	223	7.4e-38	151.0
Bacteria29_00473	gb|AHA41505.1|ARO:3002930|vanRO	37.7	220	134	1	1	660	4	220	8.2e-37	147.5
Bacteria29_00473	gb|AAR84672.1|ARO:3002925|vanRF	40.8	223	124	4	7	654	6	227	1.4e-36	146.7
Bacteria29_00473	gb|AAB05622.1|ARO:3002921|vanRB	36.9	222	134	3	1	666	3	218	2.6e-35	142.5
Bacteria29_00473	gb|AAF86641.1|ARO:3002922|vanRC	37.6	229	134	4	4	666	4	231	4.5e-35	141.7
Bacteria29_00473	gb|ABX54691.1|ARO:3002927|vanRL	37.6	229	134	3	4	666	4	231	6.5e-34	137.9
Bacteria29_00473	gb|ACL82957.1|ARO:3002928|vanRM	37.9	224	130	4	7	654	6	228	6.5e-34	137.9
Bacteria29_00473	gb|AEP40503.1|ARO:3002929|vanRN	35.1	228	139	3	7	666	4	230	1.0e-31	130.6
Bacteria29_00473	gb|AAL27445.1|ARO:3002924|vanRE	35.1	228	140	3	4	666	3	229	3.9e-31	128.6
Bacteria29_00473	gb|AAC73788.1|ARO:3003841|kdpE	35.5	203	128	2	7	609	4	205	3.3e-30	125.6
Bacteria29_00473	gb|BAA15935.1|ARO:3000828|baeR	34.5	220	140	3	4	654	12	230	2.2e-29	122.9
Bacteria29_00473	gb|AAD51348.1|ARO:3003066|smeR	33.0	218	143	3	4	654	10	225	4.1e-28	118.6
Bacteria3_00021	gb|CAA10975.1|ARO:3000194|tetW	35.1	151	90	4	34	477	4	149	3.1e-18	86.7
Bacteria3_00021	gb|BAB82500.1|ARO:3000186|tetM	34.4	151	91	4	34	477	4	149	3.1e-18	86.7
Bacteria3_00021	gb|AMP42147.1|ARO:3004442|tet(W/N/W)	35.1	151	90	4	34	477	4	149	3.1e-18	86.7
Bacteria3_00021	gb|CAA37477.1|ARO:3002891|otr(A)	37.7	151	86	4	34	477	4	149	5.2e-18	85.9
Bacteria3_00021	gb|CBH51823.1|ARO:3000556|tet44	33.6	152	91	4	34	477	4	149	2.6e-17	83.6
Bacteria3_00021	gb|AAA25293.1|ARO:3000192|tetS	32.7	153	91	5	34	477	4	149	5.8e-17	82.4
Bacteria3_00021	gb|ACH87088.1|ARO:3000196|tet32	33.1	151	93	4	34	477	4	149	1.3e-16	81.3
Bacteria3_00021	gb|AAA23033.2|ARO:3000190|tetO	34.6	130	83	2	34	420	4	132	4.9e-16	79.3
Bacteria3_00021	gb|AAA20117.1|ARO:3000195|tetB(P)	33.6	140	79	3	25	423	2	134	1.1e-15	78.2
Bacteria3_00021	gb|CAD55718.1|ARO:3000197|tet36	34.8	135	76	5	34	420	4	132	2.1e-14	73.9
Bacteria3_00021	gb|AAF01499.1|ARO:3000193|tetT	31.5	149	98	3	34	477	4	149	1.0e-13	71.6
Bacteria3_00021	gb|CAA79727.1|ARO:3000191|tetQ	31.1	132	85	4	34	420	20	148	2.1e-11	63.9
Bacteria31_00800	gb|ATC67679.1|ARO:3000838|arlR	45.9	220	116	2	4	663	3	219	7.6e-51	194.1
Bacteria31_00800	gb|AAG06465.1|ARO:3005063|cprR	38.9	221	133	2	1	663	3	221	1.6e-40	159.8
Bacteria31_00800	gb|AHA41505.1|ARO:3002930|vanRO	39.9	218	128	1	1	654	4	218	6.7e-39	154.5
Bacteria31_00800	gb|CCP46065.1|ARO:3000816|mtrA	40.9	220	124	4	4	654	7	223	2.5e-38	152.5
Bacteria31_00800	gb|AAC73788.1|ARO:3003841|kdpE	38.6	202	121	2	7	606	4	204	2.2e-34	139.4
Bacteria31_00800	gb|AAM09851.1|ARO:3002923|vanRD	36.5	230	134	4	4	663	4	231	1.4e-33	136.7
Bacteria31_00800	gb|AAF86641.1|ARO:3002922|vanRC	36.8	228	135	3	4	663	4	230	3.2e-33	135.6
Bacteria31_00800	gb|ABX54691.1|ARO:3002927|vanRL	36.4	228	136	3	4	663	4	230	4.7e-32	131.7
Bacteria31_00800	gb|AAB05622.1|ARO:3002921|vanRB	34.8	221	138	3	1	663	3	217	1.0e-31	130.6
Bacteria31_00800	gb|AAL27445.1|ARO:3002924|vanRE	35.2	227	139	3	4	663	3	228	3.9e-31	128.6
Bacteria31_00800	gb|AEP40503.1|ARO:3002929|vanRN	35.2	227	138	3	7	663	4	229	2.0e-30	126.3
Bacteria31_00800	gb|AAG05188.1|ARO:3005068|ParR	34.8	221	140	3	4	657	8	227	2.0e-30	126.3
Bacteria31_00800	gb|AAR84672.1|ARO:3002925|vanRF	38.6	223	129	4	7	654	6	227	4.4e-30	125.2
Bacteria31_00800	gb|SIP52035.1|ARO:3004054|Pseudomonas	32.6	218	145	2	7	654	4	221	1.1e-28	120.6
Bacteria31_00800	gb|ADM92605.1|ARO:3000553|adeR	35.4	226	135	6	7	660	15	237	3.1e-28	119.0
Bacteria31_00800	gb|AAC75429.1|ARO:3000833|evgS	35.8	106	68	0	1	318	959	1064	2.8e-13	69.3
Bacteria39_00528	gb|AAA25293.1|ARO:3000192|tetS	35.9	131	77	3	37	417	4	131	1.3e-16	81.3
Bacteria39_00528	gb|BAB82500.1|ARO:3000186|tetM	34.0	156	84	6	37	477	4	149	2.9e-16	80.1
Bacteria39_00528	gb|CAA10975.1|ARO:3000194|tetW	35.6	149	91	3	37	477	4	149	8.3e-16	78.6
Bacteria39_00528	gb|CAA37477.1|ARO:3002891|otr(A)	36.2	130	78	3	37	417	4	131	8.3e-16	78.6
Bacteria39_00528	gb|AMP42147.1|ARO:3004442|tet(W/N/W)	35.6	149	91	3	37	477	4	149	8.3e-16	78.6
Bacteria39_00528	gb|CBH51823.1|ARO:3000556|tet44	31.8	154	90	4	37	477	4	149	7.0e-15	75.5
Bacteria39_00528	gb|AAA23033.2|ARO:3000190|tetO	34.4	131	79	3	37	417	4	131	9.2e-15	75.1
Bacteria39_00528	gb|ACH87088.1|ARO:3000196|tet32	33.8	130	81	3	37	417	4	131	1.6e-14	74.3
Bacteria39_00528	gb|AAA20117.1|ARO:3000195|tetB(P)	30.4	135	89	3	28	423	2	134	1.0e-13	71.6
Bacteria39_00528	gb|CAD55718.1|ARO:3000197|tet36	31.4	156	90	4	37	480	4	150	5.0e-13	69.3
Bacteria39_00528	gb|AAF01499.1|ARO:3000193|tetT	30.2	149	99	3	37	477	4	149	2.5e-12	67.0
Bacteria39_00528	gb|CAA79727.1|ARO:3000191|tetQ	27.9	154	98	6	37	480	20	166	1.5e-09	57.8
Bacteria43_00114	gb|AAV85982.1|ARO:3000535|macB	46.2	223	118	1	1	663	1	223	5.3e-50	191.4
Bacteria43_00114	gb|AAF67494.2|ARO:3002522|novA	34.5	203	120	5	67	654	378	574	3.2e-23	102.4
Bacteria43_00114	gb|ADZ12699.1|ARO:3005091|RanA	29.7	219	144	6	7	648	1	214	6.1e-22	98.2
Bacteria43_00114	gb|AAK76137.1|ARO:3000024|patA	32.4	225	127	9	19	657	330	541	2.0e-20	93.2
Bacteria43_00114	gb|AAC74000.1|ARO:3003950|msbA	29.9	224	141	9	10	657	342	557	2.0e-20	93.2
Bacteria43_00114	gb|WP_104671188.1|ARO:3003948|efrA	29.9	211	127	6	58	657	346	546	9.8e-20	90.9
Bacteria43_00114	gb|AET10444.1|ARO:3004032|tetA(46)	27.2	206	137	7	67	663	349	548	1.2e-14	73.9
Bacteria43_00114	gb|AAA50325.1|ARO:3003036|oleB	30.1	219	120	8	34	600	32	247	1.4e-13	70.5
Bacteria43_00114	gb|AAA26832.1|ARO:3002827|tlrC	28.4	229	123	8	4	600	7	224	5.2e-13	68.6
Bacteria43_00114	gb|ABX00624.1|ARO:3002881|lmrC	28.1	199	116	6	73	654	359	535	4.4e-12	65.5
Bacteria43_00114	gb|AAC32027.1|ARO:3002817|carA	27.5	211	116	6	64	600	20	225	1.3e-11	63.9
Bacteria43_00114	gb|AAC75271.1|ARO:3003952|yojI	27.8	198	122	6	76	648	342	525	8.3e-11	61.2
Bacteria43_00114	gb|NP_388442.1|ARO:3004476|vmlR	26.8	179	93	6	64	600	19	159	1.8e-10	60.1
Bacteria43_00114	gb|CAA45050.1|ARO:3002828|srmB	26.5	223	102	4	64	600	20	224	2.4e-10	59.7
Bacteria43_00114	gb|AEA37904.1|ARO:3003112|lsaC	31.3	195	105	8	64	639	324	492	4.1e-10	58.9
Bacteria43_00114	gb|ANZ79240.1|ARO:3004035|tetA(60)	23.4	209	139	5	61	654	351	549	5.4e-10	58.5
Bacteria43_00114	gb|AKA86814|ARO:3003746|optrA	26.2	195	118	5	76	648	364	536	8.6e-08	51.2
Bacteria43_00114	gb|NP_862226.1|ARO:3004639|Corynebacterium	37.7	77	39	1	358	588	430	497	1.1e-07	50.8
Bacteria43_00114	gb|APB03219.1|ARO:3003986|TaeA	24.7	190	106	6	64	600	333	496	1.5e-07	50.4
Bacteria43_00114	gb|AVI44920.1|ARO:3004470|poxtA	25.4	197	120	5	10	597	330	500	2.5e-07	49.7
Bacteria43_00114	gb|QHW12375.1|ARO:3005087|msrF	23.9	184	95	6	106	654	34	173	3.6e-06	45.8
Bacteria43_00114	gb|XP_753111.1|ARO:3003942|abcA	23.8	168	111	4	64	522	129	294	2.0e-04	40.0
Bacteria9_00359	gb|CAA37477.1|ARO:3002891|otr(A)	36.0	150	89	4	37	477	4	149	6.4e-16	79.0
Bacteria9_00359	gb|BAB82500.1|ARO:3000186|tetM	30.2	205	122	5	37	594	4	206	1.9e-15	77.4
Bacteria9_00359	gb|CAA10975.1|ARO:3000194|tetW	35.9	131	77	3	37	417	4	131	3.2e-15	76.6
Bacteria9_00359	gb|AMP42147.1|ARO:3004442|tet(W/N/W)	35.9	131	77	3	37	417	4	131	3.2e-15	76.6
Bacteria9_00359	gb|ACH87088.1|ARO:3000196|tet32	34.6	130	80	3	37	417	4	131	4.6e-14	72.8
Bacteria9_00359	gb|CBH51823.1|ARO:3000556|tet44	34.9	129	81	2	37	417	4	131	6.0e-14	72.4
Bacteria9_00359	gb|AAA25293.1|ARO:3000192|tetS	32.8	131	81	3	37	417	4	131	1.3e-13	71.2
Bacteria9_00359	gb|AAA23033.2|ARO:3000190|tetO	32.1	131	82	3	37	417	4	131	1.1e-12	68.2
Bacteria9_00359	gb|CAD55718.1|ARO:3000197|tet36	31.4	153	94	4	37	480	4	150	1.9e-12	67.4
Bacteria9_00359	gb|AAF01499.1|ARO:3000193|tetT	30.2	149	99	4	37	477	4	149	1.2e-11	64.7
Delta1_00942	gb|ADZ12699.1|ARO:3005091|RanA	30.8	214	146	2	7	642	1	214	5.3e-29	121.7
Delta1_00942	gb|AAV85982.1|ARO:3000535|macB	34.9	232	135	6	1	666	1	226	2.0e-28	119.8
Delta1_00942	gb|AAC74000.1|ARO:3003950|msbA	30.3	228	147	7	10	672	342	564	2.9e-19	89.4
Delta1_00942	gb|AAF67494.2|ARO:3002522|novA	34.5	203	124	5	76	672	385	582	3.8e-19	89.0
Delta1_00942	gb|WP_104671188.1|ARO:3003948|efrA	28.8	222	135	6	52	684	348	557	1.6e-17	83.6
Delta1_00942	gb|AEA37904.1|ARO:3003112|lsaC	26.0	208	127	6	7	627	309	490	1.1e-13	70.9
Delta1_00942	gb|AAC32027.1|ARO:3002817|carA	25.7	269	163	6	4	714	4	267	1.5e-12	67.0
Delta1_00942	gb|AAC75271.1|ARO:3003952|yojI	27.7	238	153	8	10	708	323	546	1.9e-10	60.1
Delta1_00942	gb|AAB95639.1|ARO:3000118|vgaB	26.1	199	115	7	61	648	309	478	4.2e-10	58.9
Delta1_00942	gb|AGN74946|ARO:3003749|salA	26.5	204	124	8	7	612	314	493	7.2e-10	58.2
Delta1_00942	gb|CAA45050.1|ARO:3002828|srmB	24.7	267	154	6	1	693	3	258	2.1e-09	56.6
Delta1_00942	gb|AAA50325.1|ARO:3003036|oleB	27.6	243	109	7	40	615	29	255	3.6e-09	55.8
Delta1_00942	gb|NP_388442.1|ARO:3004476|vmlR	24.3	202	112	6	52	654	19	180	2.3e-08	53.1
Delta1_00942	gb|AVI44920.1|ARO:3004470|poxtA	19.6	224	154	4	37	639	10	230	3.0e-08	52.8
Delta1_00942	gb|ABX00624.1|ARO:3002881|lmrC	29.3	208	112	10	70	672	358	537	1.7e-06	47.0
Delta1_00942	gb|ACB05808.1|ARO:3003109|msrE	24.1	216	121	7	7	654	4	176	1.4e-05	43.9
Delta1_00942	gb|DAC81085.1|ARO:3005088|msrH	23.5	115	80	3	364	705	86	193	2.6e-04	39.7
Gamma1_03461	gb|AAV85982.1|ARO:3000535|macB	46.2	221	119	0	1	663	3	223	2.1e-51	196.1
Gamma1_03461	gb|ADZ12699.1|ARO:3005091|RanA	30.6	222	146	5	1	657	1	217	9.6e-28	117.5
Gamma1_03461	gb|AAF67494.2|ARO:3002522|novA	30.6	216	135	6	28	654	367	574	3.9e-21	95.5
Gamma1_03461	gb|AAC74000.1|ARO:3003950|msbA	30.7	228	134	7	4	654	342	556	1.3e-19	90.5
Gamma1_03461	gb|AAK76137.1|ARO:3000024|patA	28.6	203	134	4	61	654	344	540	2.8e-19	89.4
Gamma1_03461	gb|WP_104671188.1|ARO:3003948|efrA	29.3	222	137	6	25	648	328	543	9.9e-17	80.9
Gamma1_03461	gb|AAC32027.1|ARO:3002817|carA	28.4	225	126	6	10	600	8	225	2.4e-15	76.3
Gamma1_03461	gb|ANZ79240.1|ARO:3004035|tetA(60)	28.4	225	142	8	4	654	336	549	4.6e-14	72.0
Gamma1_03461	gb|CAA45050.1|ARO:3002828|srmB	28.1	235	129	7	76	693	26	249	7.9e-14	71.2
Gamma1_03461	gb|AAC75271.1|ARO:3003952|yojI	26.4	201	127	4	70	654	342	527	1.0e-13	70.9
Gamma1_03461	gb|CBY88983.1|ARO:3002833|vgaE	26.0	215	128	7	19	654	272	458	1.3e-13	70.5
Gamma1_03461	gb|AAA26832.1|ARO:3002827|tlrC	26.9	219	103	6	61	600	24	224	2.3e-13	69.7
Gamma1_03461	gb|AAA50325.1|ARO:3003036|oleB	29.8	205	114	7	61	600	48	247	3.9e-13	68.9
Gamma1_03461	gb|ABX00624.1|ARO:3002881|lmrC	29.0	207	114	9	67	666	359	539	6.7e-13	68.2
Gamma1_03461	gb|AET10444.1|ARO:3004032|tetA(46)	25.1	207	140	8	55	654	347	545	6.7e-13	68.2
Gamma1_03461	gb|AEA37904.1|ARO:3003112|lsaC	30.1	216	116	8	1	639	309	492	8.7e-13	67.8
Gamma1_03461	gb|APB03219.1|ARO:3003986|TaeA	28.7	167	102	6	100	600	347	496	8.1e-11	61.2
Gamma1_03461	gb|CBL58195.1|ARO:3002831|vgaC	25.8	217	128	9	19	657	272	459	1.4e-10	60.5
Gamma1_03461	gb|AKA86814|ARO:3003746|optrA	26.5	200	121	6	61	651	361	537	1.8e-10	60.1
Gamma1_03461	gb|AVI44920.1|ARO:3004470|poxtA	27.4	215	114	10	76	633	21	222	1.5e-09	57.0
Gamma1_03461	gb|NP_862226.1|ARO:3004639|Corynebacterium	43.3	67	37	1	391	588	431	497	2.0e-09	56.6
Gamma1_03461	gb|AGN74946|ARO:3003749|salA	22.6	190	110	7	70	600	21	186	2.6e-09	56.2
Gamma1_03461	gb|NP_388442.1|ARO:3004476|vmlR	24.9	177	87	5	79	600	26	159	5.8e-09	55.1
Gamma1_03461	gb|AHB37625.1|ARO:3004715|vga(E)	24.8	137	90	5	253	654	332	458	3.8e-08	52.4
Gamma1_03461	gb|CAA36304.1|ARO:3000251|msrA	24.2	186	109	5	55	606	312	467	5.5e-07	48.5
Gamma1_03561	gb|AAA99504.1|ARO:3002987|bcrA	30.7	212	131	5	91	720	19	216	2.1e-21	97.1
Gamma1_03561	gb|AAK76137.1|ARO:3000024|patA	26.1	238	145	6	64	741	334	552	6.3e-18	85.5
Gamma1_03561	gb|AAC74000.1|ARO:3003950|msbA	28.4	232	136	6	52	711	345	558	8.2e-18	85.1
Gamma1_03561	gb|AAF67494.2|ARO:3002522|novA	26.6	259	161	5	64	807	368	608	2.4e-17	83.6
Gamma1_03561	gb|WP_104671188.1|ARO:3003948|efrA	28.6	224	131	6	94	732	349	554	4.1e-17	82.8
Gamma1_03561	gb|AET10444.1|ARO:3004032|tetA(46)	25.4	236	143	7	64	732	339	554	9.4e-14	71.6
Gamma1_03561	gb|ANZ79240.1|ARO:3004035|tetA(60)	26.4	239	137	8	64	732	343	558	7.9e-13	68.6
Gamma1_03561	gb|AKA86814|ARO:3003746|optrA	21.2	222	141	5	94	681	36	249	1.1e-11	64.7
Gamma1_03561	gb|NP_862226.1|ARO:3004639|Corynebacterium	47.8	46	24	0	472	609	444	489	6.5e-07	48.9
Gamma1_03766	gb|AAV85982.1|ARO:3000535|macB	37.6	226	133	5	1	660	3	226	1.4e-34	140.2
Gamma1_03766	gb|ADZ12699.1|ARO:3005091|RanA	31.6	215	143	4	1	636	1	214	2.9e-27	115.9
Gamma1_03766	gb|AAC74000.1|ARO:3003950|msbA	31.6	225	142	7	4	657	342	561	1.5e-20	93.6
Gamma1_03766	gb|AAF67494.2|ARO:3002522|novA	34.5	203	124	5	70	666	385	582	1.1e-18	87.4
Gamma1_03766	gb|WP_104671188.1|ARO:3003948|efrA	29.7	219	137	6	46	678	348	557	3.5e-17	82.4
Gamma1_03766	gb|AAK76136.1|ARO:3000025|patB	29.1	206	135	6	46	648	364	563	6.7e-16	78.2
Gamma1_03766	gb|AAC32027.1|ARO:3002817|carA	25.8	256	132	7	4	645	6	245	3.4e-12	65.9
Gamma1_03766	gb|AAC75271.1|ARO:3003952|yojI	30.3	201	115	7	70	648	346	529	8.4e-11	61.2
Gamma1_03766	gb|AEA37904.1|ARO:3003112|lsaC	23.3	210	130	5	1	621	309	490	1.1e-10	60.8
Gamma1_03766	gb|AAB95639.1|ARO:3000118|vgaB	23.3	215	137	7	1	642	291	478	6.0e-09	55.1
Gamma1_03766	gb|AAA50325.1|ARO:3003036|oleB	27.8	230	131	8	4	609	33	255	3.0e-08	52.8
Gamma1_03766	gb|NP_388442.1|ARO:3004476|vmlR	23.0	217	126	5	1	648	4	180	3.9e-08	52.4
Gamma1_03766	gb|CAA45050.1|ARO:3002828|srmB	30.0	100	67	1	388	687	162	258	6.7e-08	51.6
Gamma1_03766	gb|AVI44920.1|ARO:3004470|poxtA	19.8	237	150	5	13	633	4	230	3.3e-07	49.3
Gamma1_03766	gb|ACB05808.1|ARO:3003109|msrE	23.6	216	122	5	1	648	4	176	7.4e-07	48.1
Gamma1_03766	gb|ABX00624.1|ARO:3002881|lmrC	29.8	198	106	10	82	654	368	539	2.1e-06	46.6
Gamma1_03766	gb|AGN74946|ARO:3003749|salA	26.1	207	121	10	1	606	314	493	3.7e-06	45.8
Gamma1_03766	gb|DAC81085.1|ARO:3005088|msrH	26.5	98	68	2	409	699	99	193	4.0e-05	42.4
Methylomirabilis1_00041	gb|CAA10975.1|ARO:3000194|tetW	37.2	129	79	2	37	420	4	131	5.8e-17	82.4
Methylomirabilis1_00041	gb|AMP42147.1|ARO:3004442|tet(W/N/W)	37.2	129	79	2	37	420	4	131	5.8e-17	82.4
Methylomirabilis1_00041	gb|CAA37477.1|ARO:3002891|otr(A)	36.4	129	80	2	37	420	4	131	7.6e-17	82.0
Methylomirabilis1_00041	gb|AAA25293.1|ARO:3000192|tetS	28.9	180	110	3	37	525	4	182	1.4e-15	77.8
Methylomirabilis1_00041	gb|BAB82500.1|ARO:3000186|tetM	32.6	135	77	3	37	420	4	131	1.4e-15	77.8
Methylomirabilis1_00041	gb|CBH51823.1|ARO:3000556|tet44	33.3	135	76	3	37	420	4	131	2.4e-15	77.0
Methylomirabilis1_00041	gb|AAA20117.1|ARO:3000195|tetB(P)	32.8	134	88	2	28	426	2	134	1.2e-14	74.7
Methylomirabilis1_00041	gb|AAF01499.1|ARO:3000193|tetT	34.6	130	81	3	37	420	4	131	6.0e-14	72.4
Methylomirabilis1_00041	gb|ACH87088.1|ARO:3000196|tet32	31.9	135	78	3	37	420	4	131	7.9e-14	72.0
Methylomirabilis1_00041	gb|AAA23033.2|ARO:3000190|tetO	30.4	135	80	3	37	420	4	131	3.9e-13	69.7
Methylomirabilis1_00041	gb|CAD55718.1|ARO:3000197|tet36	33.3	129	84	2	37	420	4	131	5.1e-13	69.3
Methylomirabilis1_00041	gb|CAA79727.1|ARO:3000191|tetQ	29.3	150	102	3	37	483	20	166	2.1e-11	63.9
Omnitrophica8_00946	gb|CAA10975.1|ARO:3000194|tetW	33.6	134	78	3	37	423	4	131	1.2e-14	74.7
Omnitrophica8_00946	gb|AAA25293.1|ARO:3000192|tetS	32.1	134	80	3	37	423	4	131	1.2e-14	74.7
Omnitrophica8_00946	gb|AMP42147.1|ARO:3004442|tet(W/N/W)	33.6	134	78	3	37	423	4	131	1.2e-14	74.7
Omnitrophica8_00946	gb|CBH51823.1|ARO:3000556|tet44	32.8	134	79	3	37	423	4	131	2.7e-14	73.6
Omnitrophica8_00946	gb|CAA37477.1|ARO:3002891|otr(A)	33.8	154	89	4	37	483	4	149	3.5e-14	73.2
Omnitrophica8_00946	gb|BAB82500.1|ARO:3000186|tetM	32.1	134	80	3	37	423	4	131	3.5e-14	73.2
Omnitrophica8_00946	gb|AAA20117.1|ARO:3000195|tetB(P)	31.7	139	84	3	28	429	2	134	1.3e-13	71.2
Omnitrophica8_00946	gb|ACH87088.1|ARO:3000196|tet32	31.3	134	81	3	37	423	4	131	2.3e-13	70.5
Omnitrophica8_00946	gb|CAD55718.1|ARO:3000197|tet36	32.5	157	89	6	37	486	4	150	1.5e-12	67.8
Omnitrophica8_00946	gb|AAF01499.1|ARO:3000193|tetT	29.6	152	98	4	37	483	4	149	4.3e-12	66.2
Omnitrophica8_00946	gb|AAA23033.2|ARO:3000190|tetO	31.0	155	91	5	37	486	4	147	9.6e-12	65.1
Omnitrophica8_00946	gb|CAA79727.1|ARO:3000191|tetQ	31.6	136	78	4	37	423	20	147	5.3e-10	59.3
Parcubacteria5_00231	gb|BAE85481.1|ARO:3003727|vanKI	26.6	177	125	4	454	978	187	360	4.1e-11	62.8
Parcubacteria5_00237	gb|AAA25293.1|ARO:3000192|tetS	37.2	129	79	2	34	417	4	131	3.4e-17	83.2
Parcubacteria5_00237	gb|BAB82500.1|ARO:3000186|tetM	36.6	131	77	3	34	417	4	131	9.8e-17	81.6
Parcubacteria5_00237	gb|CAA10975.1|ARO:3000194|tetW	34.7	150	90	4	34	474	4	148	2.2e-16	80.5
Parcubacteria5_00237	gb|AMP42147.1|ARO:3004442|tet(W/N/W)	34.7	150	90	4	34	474	4	148	2.2e-16	80.5
Parcubacteria5_00237	gb|CAA37477.1|ARO:3002891|otr(A)	35.3	150	89	4	34	474	4	148	2.9e-16	80.1
Parcubacteria5_00237	gb|CBH51823.1|ARO:3000556|tet44	34.9	129	82	2	34	417	4	131	1.1e-15	78.2
Parcubacteria5_00237	gb|ACH87088.1|ARO:3000196|tet32	34.7	150	90	4	34	474	4	148	1.8e-15	77.4
Parcubacteria5_00237	gb|AAA20117.1|ARO:3000195|tetB(P)	33.1	136	85	3	25	423	2	134	4.1e-15	76.3
Parcubacteria5_00237	gb|AAA23033.2|ARO:3000190|tetO	35.3	139	84	3	34	447	4	137	1.2e-14	74.7
Parcubacteria5_00237	gb|CAD55718.1|ARO:3000197|tet36	34.1	129	83	2	34	417	4	131	3.5e-14	73.2
Parcubacteria5_00237	gb|AAF01499.1|ARO:3000193|tetT	24.3	305	159	7	34	762	4	298	8.6e-13	68.6
Parcubacteria5_00237	gb|CAA79727.1|ARO:3000191|tetQ	30.5	131	85	4	34	417	20	147	1.1e-10	61.6
Parcubacteria6_00036	gb|AAV85982.1|ARO:3000535|macB	48.7	226	114	2	1	678	3	226	8.9e-55	207.2
Parcubacteria6_00036	gb|AAC74000.1|ARO:3003950|msbA	35.5	231	125	9	4	666	342	558	1.9e-25	109.8
Parcubacteria6_00036	gb|ADZ12699.1|ARO:3005091|RanA	31.4	220	143	5	1	654	1	214	2.5e-25	109.4
Parcubacteria6_00036	gb|WP_104671188.1|ARO:3003948|efrA	32.9	225	137	6	4	663	331	546	7.3e-25	107.8
Parcubacteria6_00036	gb|AAF67494.2|ARO:3002522|novA	30.0	207	132	5	61	666	378	576	2.5e-17	82.8
Parcubacteria6_00036	gb|AAC75271.1|ARO:3003952|yojI	32.7	223	132	7	4	666	323	529	2.1e-16	79.7
Parcubacteria6_00036	gb|CDO61516.1|ARO:3003949|efrB	25.2	210	131	6	4	603	168	361	4.8e-16	78.6
Parcubacteria6_00036	gb|AAC32027.1|ARO:3002817|carA	25.9	224	131	5	16	606	10	225	2.4e-12	66.2
Parcubacteria6_00036	gb|AAA26832.1|ARO:3002827|tlrC	26.1	234	112	6	19	606	14	224	2.4e-12	66.2
Parcubacteria6_00036	gb|CAA45050.1|ARO:3002828|srmB	27.0	226	125	6	16	606	10	224	1.6e-11	63.5
Parcubacteria6_00036	gb|AVI44920.1|ARO:3004470|poxtA	26.0	231	133	8	25	639	4	222	6.7e-10	58.2
Parcubacteria6_00036	gb|AAA50325.1|ARO:3003036|oleB	25.6	215	126	7	40	606	41	247	8.7e-10	57.8
Parcubacteria6_00036	gb|NP_388442.1|ARO:3004476|vmlR	24.1	203	109	7	64	666	21	180	1.1e-09	57.4
Parcubacteria6_00036	gb|ABX00624.1|ARO:3002881|lmrC	27.8	212	112	11	70	675	360	540	1.3e-08	53.9
Parcubacteria6_00036	gb|AGN74946|ARO:3003749|salA	20.8	183	130	4	61	606	18	186	2.1e-08	53.1
Parcubacteria6_00036	gb|AEA37904.1|ARO:3003112|lsaC	26.9	201	118	5	46	645	320	492	6.2e-08	51.6
Parcubacteria6_00036	gb|APB03219.1|ARO:3003986|TaeA	22.9	192	109	5	61	606	334	496	4.0e-07	48.9
Parcubacteria6_00036	gb|AKA86814|ARO:3003746|optrA	26.7	187	103	8	61	606	361	518	9.0e-07	47.8
Parcubacteria6_00036	gb|ACB05808.1|ARO:3003109|msrE	24.0	196	104	6	79	666	26	176	3.4e-06	45.8
Parcubacteria6_00036	gb|AAA26684.1|ARO:3002829|vgaA	29.7	165	97	7	190	666	5	156	1.3e-05	43.9
Parcubacteria6_00036	gb|CBL58195.1|ARO:3002831|vgaC	36.2	80	46	3	430	666	80	155	3.8e-05	42.4
Parcubacteria6_00036	gb|ABH10964.1|ARO:3002830|vgaALC	29.1	165	98	7	190	666	5	156	4.9e-05	42.0
Parcubacteria6_00036	gb|QHW12375.1|ARO:3005087|msrF	23.8	172	83	5	100	615	34	157	8.4e-05	41.2
Parcubacteria6_00036	gb|AEO25219.1|ARO:3004651|lin	50.0	34	17	0	430	531	80	113	3.2e-04	39.3
Parcubacteria6_00036	gb|DAC81085.1|ARO:3005088|msrH	22.3	175	88	5	82	606	28	154	3.2e-04	39.3
Parcubacteria6_00041	gb|APB03214.1|ARO:3003980|tetA(48)	45.2	228	124	1	16	699	18	244	5.7e-53	201.4
Parcubacteria6_00041	gb|AAA26793|ARO:3003748|oleC	36.3	226	143	1	22	699	3	227	5.7e-45	174.9
Parcubacteria6_00041	gb|AAA99504.1|ARO:3002987|bcrA	39.5	223	132	1	13	681	4	223	8.5e-41	161.0
Parcubacteria6_00041	gb|AAR96051.1|ARO:3002894|otrC	30.0	233	160	3	7	702	11	241	3.0e-30	125.9
Parcubacteria6_00041	gb|AAK76137.1|ARO:3000024|patA	26.6	214	149	5	34	660	335	545	1.7e-17	83.6
Parcubacteria6_00041	gb|XP_753111.1|ARO:3003942|abcA	30.8	185	114	7	61	585	821	1001	1.7e-12	67.0
Parcubacteria6_00041	gb|SOX29786.1|ARO:3004730|tva(A)	26.3	198	110	8	61	639	19	185	1.2e-10	60.8
Parcubacteria6_00041	gb|NP_388442.1|ARO:3004476|vmlR	25.5	204	114	4	13	621	4	170	2.1e-10	60.1
Parcubacteria6_00041	gb|ABX00624.1|ARO:3002881|lmrC	30.3	165	107	5	64	540	23	185	2.7e-10	59.7
Parcubacteria6_00041	gb|AAA26832.1|ARO:3002827|tlrC	25.9	205	119	5	16	537	9	211	6.0e-10	58.5
Parcubacteria6_00041	gb|CAE18141.1|ARO:3003111|lsaB	26.9	186	110	6	70	621	328	489	2.5e-08	53.1
Parcubacteria6_00041	gb|AAC32027.1|ARO:3002817|carA	29.0	176	95	7	73	585	375	525	3.3e-08	52.8
Parcubacteria6_00041	gb|CAA45050.1|ARO:3002828|srmB	31.3	150	85	5	58	507	371	502	2.8e-07	49.7
Parcubacteria6_00041	gb|AAA50325.1|ARO:3003036|oleB	30.3	152	88	4	55	507	391	525	3.1e-06	46.2
Parcubacteria6_00041	gb|DAC81085.1|ARO:3005088|msrH	20.7	217	126	5	1	645	1	173	1.2e-05	44.3
Parcubacteria6_00041	gb|QHW12375.1|ARO:3005087|msrF	31.2	64	40	2	1	186	1	62	8.4e-04	38.1
Parcubacteria6_00331	gb|AAV85982.1|ARO:3000535|macB	42.8	236	132	1	1	708	1	233	1.1e-50	193.7
Parcubacteria6_00331	gb|ADZ12699.1|ARO:3005091|RanA	32.1	221	141	5	7	663	1	214	3.2e-26	112.5
Parcubacteria6_00331	gb|AAC74000.1|ARO:3003950|msbA	32.7	226	135	8	10	669	342	556	1.7e-19	90.1
Parcubacteria6_00331	gb|AAF67494.2|ARO:3002522|novA	29.6	206	131	5	67	669	378	574	1.9e-18	86.7
Parcubacteria6_00331	gb|WP_104671188.1|ARO:3003948|efrA	29.3	225	144	6	10	669	331	545	5.4e-18	85.1
Parcubacteria6_00331	gb|AAK76137.1|ARO:3000024|patA	29.7	209	127	7	67	669	344	540	2.7e-17	82.8
Parcubacteria6_00331	gb|AET10444.1|ARO:3004032|tetA(46)	25.7	222	151	5	49	699	343	555	6.0e-17	81.6
Parcubacteria6_00331	gb|AAC75271.1|ARO:3003952|yojI	28.1	224	146	4	10	681	323	531	7.3e-15	74.7
Parcubacteria6_00331	gb|AAA26832.1|ARO:3002827|tlrC	25.1	239	119	5	67	666	24	241	4.7e-14	72.0
Parcubacteria6_00331	gb|AEA37904.1|ARO:3003112|lsaC	29.8	218	117	6	7	654	309	492	6.2e-14	71.6
Parcubacteria6_00331	gb|AAC32027.1|ARO:3002817|carA	27.0	230	133	7	67	669	21	244	8.1e-14	71.2
Parcubacteria6_00331	gb|AAA50325.1|ARO:3003036|oleB	27.2	228	127	6	67	666	48	264	8.9e-13	67.8
Parcubacteria6_00331	gb|CBY88983.1|ARO:3002833|vgaE	29.5	200	94	9	97	669	297	458	8.9e-13	67.8
Parcubacteria6_00331	gb|NP_388442.1|ARO:3004476|vmlR	27.1	192	97	5	61	636	18	166	1.5e-12	67.0
Parcubacteria6_00331	gb|CBL58195.1|ARO:3002831|vgaC	27.9	201	110	7	79	672	291	459	2.0e-12	66.6
Parcubacteria6_00331	gb|ANZ79240.1|ARO:3004035|tetA(60)	27.1	225	148	7	10	669	336	549	2.6e-12	66.2
Parcubacteria6_00331	gb|AHB37625.1|ARO:3004715|vga(E)	30.0	200	93	9	97	669	297	458	3.4e-12	65.9
Parcubacteria6_00331	gb|CAA45050.1|ARO:3002828|srmB	26.4	227	100	5	67	615	21	224	5.8e-12	65.1
Parcubacteria6_00331	gb|AKA86814|ARO:3003746|optrA	27.1	199	115	6	61	648	359	530	1.7e-11	63.5
Parcubacteria6_00331	gb|APB03219.1|ARO:3003986|TaeA	23.5	230	136	7	7	669	318	516	6.4e-11	61.6
Parcubacteria6_00331	gb|AVI44920.1|ARO:3004470|poxtA	23.4	209	122	6	70	615	17	214	8.3e-11	61.2
Parcubacteria6_00331	gb|ABX00624.1|ARO:3002881|lmrC	27.9	204	115	7	76	672	360	536	2.4e-10	59.7
Parcubacteria6_00331	gb|AAB95639.1|ARO:3000118|vgaB	24.7	227	114	7	1	669	1	174	7.1e-10	58.2
Parcubacteria6_00331	gb|ACX92986.2|ARO:3002832|vgaD	27.0	200	111	8	79	669	290	457	3.5e-09	55.8
Parcubacteria6_00331	gb|ABH10964.1|ARO:3002830|vgaALC	23.4	201	119	7	79	672	292	460	8.6e-08	51.2
Parcubacteria7_00108	gb|APB03214.1|ARO:3003980|tetA(48)	42.6	223	127	1	10	678	23	244	3.7e-49	188.7
Parcubacteria7_00108	gb|AAA26793|ARO:3003748|oleC	39.4	226	136	1	1	678	3	227	2.0e-47	183.0
Parcubacteria7_00108	gb|AAA99504.1|ARO:3002987|bcrA	41.3	208	119	1	10	633	10	214	2.2e-41	162.9
Parcubacteria7_00108	gb|AAR96051.1|ARO:3002894|otrC	32.1	249	163	4	1	744	16	259	5.4e-32	131.7
Parcubacteria7_00108	gb|CDO61516.1|ARO:3003949|efrB	33.1	154	96	5	40	483	184	336	1.3e-14	73.9
Parcubacteria7_00108	gb|XP_753111.1|ARO:3003942|abcA	29.4	187	118	6	34	564	819	1001	5.3e-11	62.0
Parcubacteria7_00108	gb|SOX29786.1|ARO:3004730|tva(A)	28.5	193	112	6	40	618	19	185	5.3e-11	62.0
Parcubacteria7_00108	gb|AET10444.1|ARO:3004032|tetA(46)	23.3	227	144	6	28	660	345	557	1.2e-10	60.8
Parcubacteria7_00108	gb|AAC32027.1|ARO:3002817|carA	31.2	154	88	4	25	486	368	503	5.8e-10	58.5
Parcubacteria7_00108	gb|AVI44920.1|ARO:3004470|poxtA	23.0	235	128	7	22	612	10	229	5.8e-10	58.5
Parcubacteria7_00108	gb|ABX00624.1|ARO:3002881|lmrC	25.7	202	120	8	28	588	18	204	1.9e-08	53.5
Parcubacteria7_00108	gb|CAA45050.1|ARO:3002828|srmB	27.4	157	82	4	37	486	371	502	3.2e-08	52.8
Parcubacteria7_00108	gb|AAA26832.1|ARO:3002827|tlrC	26.6	177	99	4	91	588	387	543	1.3e-04	40.8
Parcubacteria7_00111	gb|AAV85982.1|ARO:3000535|macB	45.2	239	113	4	70	786	3	223	5.5e-51	194.9
Parcubacteria7_00111	gb|ADZ12699.1|ARO:3005091|RanA	31.2	218	145	5	178	822	17	232	3.4e-24	105.9
Parcubacteria7_00111	gb|AAC74000.1|ARO:3003950|msbA	31.3	214	123	7	175	783	358	558	4.3e-19	89.0
Parcubacteria7_00111	gb|AAF67494.2|ARO:3002522|novA	31.1	206	131	4	178	783	378	576	1.8e-17	83.6
Parcubacteria7_00111	gb|WP_104671188.1|ARO:3003948|efrA	29.3	208	136	5	166	777	345	545	1.8e-17	83.6
Parcubacteria7_00111	gb|AAA26832.1|ARO:3002827|tlrC	25.9	247	126	5	145	771	13	240	2.1e-13	70.1
Parcubacteria7_00111	gb|AAC75271.1|ARO:3003952|yojI	29.6	240	123	8	166	807	321	540	3.5e-13	69.3
Parcubacteria7_00111	gb|AAC32027.1|ARO:3002817|carA	26.5	230	137	6	172	777	19	244	6.0e-13	68.6
Parcubacteria7_00111	gb|CAA45050.1|ARO:3002828|srmB	25.3	233	143	5	166	783	17	245	3.0e-12	66.2
Parcubacteria7_00111	gb|NP_388442.1|ARO:3004476|vmlR	24.9	225	111	7	166	795	3	184	3.6e-10	59.3
Parcubacteria7_00111	gb|AGN74946|ARO:3003749|salA	24.5	196	128	5	154	726	7	187	4.7e-10	58.9
Parcubacteria7_00111	gb|AAA50325.1|ARO:3003036|oleB	24.6	248	130	7	178	822	48	271	4.0e-09	55.8
Parcubacteria7_00111	gb|ABX00624.1|ARO:3002881|lmrC	26.3	209	113	8	187	783	360	537	2.0e-08	53.5
Parcubacteria7_00111	gb|AEA37904.1|ARO:3003112|lsaC	26.0	196	116	4	178	762	325	492	2.6e-08	53.1
Parcubacteria7_00111	gb|APB03219.1|ARO:3003986|TaeA	21.5	256	165	5	37	774	284	513	9.9e-08	51.2
Parcubacteria7_00111	gb|AVI44920.1|ARO:3004470|poxtA	37.7	61	34	1	541	723	158	214	1.9e-06	47.0
Parcubacteria7_00111	gb|ABH10964.1|ARO:3002830|vgaALC	35.6	87	45	3	547	795	81	160	3.2e-06	46.2
Parcubacteria7_00111	gb|AAA26684.1|ARO:3002829|vgaA	35.6	87	45	3	547	795	81	160	3.2e-06	46.2
Parcubacteria7_00111	gb|CBL58195.1|ARO:3002831|vgaC	35.7	84	49	2	547	795	80	159	1.2e-05	44.3
Parcubacteria7_00111	gb|AEO25219.1|ARO:3004651|lin	36.7	60	34	1	547	726	80	135	1.6e-05	43.9
Parcubacteria7_00111	gb|ACB05808.1|ARO:3003109|msrE	29.9	87	56	2	526	783	94	176	2.7e-05	43.1
Parcubacteria7_00111	gb|QHW12375.1|ARO:3005087|msrF	27.7	184	102	8	274	777	5	173	5.1e-04	38.9
Parcubacteria7_00274	gb|AAV85982.1|ARO:3000535|macB	44.4	223	124	0	1	669	1	223	9.0e-50	190.7
Parcubacteria7_00274	gb|ADZ12699.1|ARO:3005091|RanA	30.6	219	144	5	7	654	1	214	1.6e-25	110.2
Parcubacteria7_00274	gb|WP_104671188.1|ARO:3003948|efrA	28.8	222	146	6	10	660	331	545	8.8e-21	94.4
Parcubacteria7_00274	gb|AAC74000.1|ARO:3003950|msbA	30.1	236	147	9	10	687	342	569	8.3e-19	87.8
Parcubacteria7_00274	gb|AAF67494.2|ARO:3002522|novA	28.6	203	134	4	67	660	378	574	5.9e-17	81.6
Parcubacteria7_00274	gb|AAC32027.1|ARO:3002817|carA	24.5	265	126	8	10	660	6	244	1.0e-13	70.9
Parcubacteria7_00274	gb|AAA26832.1|ARO:3002827|tlrC	26.4	242	109	7	10	606	9	224	1.8e-13	70.1
Parcubacteria7_00274	gb|AAC75271.1|ARO:3003952|yojI	24.5	233	160	5	10	702	323	541	1.8e-13	70.1
Parcubacteria7_00274	gb|CAA45050.1|ARO:3002828|srmB	27.5	287	125	13	16	705	8	268	2.0e-12	66.6
Parcubacteria7_00274	gb|ABX00624.1|ARO:3002881|lmrC	26.5	226	131	9	37	687	349	548	5.7e-12	65.1
Parcubacteria7_00274	gb|NP_388442.1|ARO:3004476|vmlR	24.4	205	105	6	7	612	4	161	5.7e-12	65.1
Parcubacteria7_00274	gb|APB03219.1|ARO:3003986|TaeA	23.6	212	121	6	7	612	318	498	7.5e-12	64.7
Parcubacteria7_00274	gb|AAB95639.1|ARO:3000118|vgaB	23.6	220	136	7	7	663	291	479	2.4e-10	59.7
Parcubacteria7_00274	gb|AAA50325.1|ARO:3003036|oleB	26.0	235	138	6	43	657	36	264	4.1e-10	58.9
Parcubacteria7_00274	gb|AVI44920.1|ARO:3004470|poxtA	23.8	214	125	8	82	642	21	223	4.1e-10	58.9
Parcubacteria7_00274	gb|AEA37904.1|ARO:3003112|lsaC	24.3	218	128	6	4	645	308	492	1.6e-09	57.0
Parcubacteria7_00274	gb|AKA86814|ARO:3003746|optrA	26.5	204	121	8	55	654	358	536	1.3e-08	53.9
Parcubacteria7_00274	gb|QHW12375.1|ARO:3005087|msrF	27.1	218	108	7	13	663	7	174	1.9e-07	50.1
Parcubacteria7_00274	gb|DAC81085.1|ARO:3005088|msrH	24.8	218	113	8	13	663	7	174	5.6e-07	48.5
Parcubacteria7_00274	gb|ACX92986.2|ARO:3002832|vgaD	35.9	78	46	2	433	663	80	154	3.6e-06	45.8
Parcubacteria7_00274	gb|AGN74946|ARO:3003749|salA	21.8	202	124	7	76	645	21	200	4.7e-06	45.4
Parcubacteria7_00274	gb|AXF35727.1|ARO:3005121|lsa(D)	24.0	208	113	8	1	606	1	169	1.0e-05	44.3
Parcubacteria7_00274	gb|ACB05808.1|ARO:3003109|msrE	33.3	78	48	2	430	660	100	174	6.8e-05	41.6
Parcubacteria8_00113	gb|AAA65955.1|ARO:3002942|vanHA	38.1	289	153	7	130	978	49	317	1.6e-44	173.7
Parcubacteria8_00113	gb|AAF36802.1|ARO:3002945|vanHF	36.3	292	162	6	130	990	49	321	2.0e-42	166.8
Parcubacteria8_00113	gb|ACL82960.1|ARO:3002947|vanHM	35.9	290	162	6	124	978	51	321	2.6e-42	166.4
Parcubacteria8_00113	gb|AAB05626.1|ARO:3002943|vanHB	37.4	286	159	7	130	978	50	318	4.4e-42	165.6
Parcubacteria8_00113	gb|AHA41499.1|ARO:3002948|vanHO	35.7	266	149	5	193	981	101	347	4.1e-40	159.1
Parcubacteria8_00113	gb|AAM09850.1|ARO:3002944|vanHD	33.2	307	185	6	67	978	29	318	1.6e-39	157.1
Parcubacteria9_00008	gb|AAV85982.1|ARO:3000535|macB	41.4	220	127	1	1	654	4	223	7.1e-47	181.0
Parcubacteria9_00008	gb|ADZ12699.1|ARO:3005091|RanA	31.7	221	135	6	1	639	2	214	2.5e-23	102.8
Parcubacteria9_00008	gb|AAF67494.2|ARO:3002522|novA	32.6	218	126	6	25	645	367	574	4.2e-23	102.1
Parcubacteria9_00008	gb|AAC74000.1|ARO:3003950|msbA	30.2	225	139	8	1	648	342	557	1.1e-20	94.0
Parcubacteria9_00008	gb|AAK76137.1|ARO:3000024|patA	28.7	223	144	6	1	648	327	541	5.6e-20	91.7
Parcubacteria9_00008	gb|WP_104671188.1|ARO:3003948|efrA	27.1	236	136	8	10	648	324	546	9.0e-18	84.3
Parcubacteria9_00008	gb|AET10444.1|ARO:3004032|tetA(46)	27.6	210	131	8	58	654	349	548	3.2e-15	75.9
Parcubacteria9_00008	gb|AAC32027.1|ARO:3002817|carA	26.8	235	119	8	1	591	6	225	2.5e-12	66.2
Parcubacteria9_00008	gb|NP_388442.1|ARO:3004476|vmlR	27.4	179	92	6	55	591	19	159	2.5e-12	66.2
Parcubacteria9_00008	gb|AAA50325.1|ARO:3003036|oleB	28.3	205	117	6	55	591	47	247	4.3e-12	65.5
Parcubacteria9_00008	gb|AAA26832.1|ARO:3002827|tlrC	25.4	240	146	7	1	642	9	241	4.3e-12	65.5
Parcubacteria9_00008	gb|AAC75271.1|ARO:3003952|yojI	26.6	199	127	4	67	645	342	527	9.7e-12	64.3
Parcubacteria9_00008	gb|ANZ79240.1|ARO:3004035|tetA(60)	26.0	208	133	5	55	645	352	549	2.2e-11	63.2
Parcubacteria9_00008	gb|CAA45050.1|ARO:3002828|srmB	28.5	239	105	7	7	591	8	224	6.3e-11	61.6
Parcubacteria9_00008	gb|ABX00624.1|ARO:3002881|lmrC	26.6	199	119	6	64	645	359	535	1.1e-10	60.8
Parcubacteria9_00008	gb|AEA37904.1|ARO:3003112|lsaC	28.2	195	113	7	52	630	323	492	2.6e-09	56.2
Parcubacteria9_00008	gb|AGN74946|ARO:3003749|salA	23.0	183	126	4	67	606	21	191	5.9e-09	55.1
Parcubacteria9_00008	gb|APB03219.1|ARO:3003986|TaeA	26.3	179	117	4	55	591	333	496	1.0e-08	54.3
Parcubacteria9_00008	gb|AVI44920.1|ARO:3004470|poxtA	26.5	223	125	8	1	645	330	521	8.5e-08	51.2
Parcubacteria9_00008	gb|AKA86814|ARO:3003746|optrA	26.1	203	118	8	58	657	361	534	1.4e-07	50.4
Parcubacteria9_00008	gb|NP_862226.1|ARO:3004639|Corynebacterium	40.0	55	33	0	415	579	443	497	1.9e-07	50.1
Parcubacteria9_00008	gb|XP_753111.1|ARO:3003942|abcA	23.4	231	143	8	52	669	128	349	1.8e-05	43.5
Parcubacteria9_00008	gb|ACX92986.2|ARO:3002832|vgaD	35.1	77	46	2	418	645	80	153	5.7e-04	38.5
Parcubacteria9_00008	gb|QHW12375.1|ARO:3005087|msrF	29.6	81	53	2	406	645	96	173	7.4e-04	38.1
SR1_00236	gb|BAE85481.1|ARO:3003727|vanKI	25.2	143	104	2	544	966	219	360	2.5e-08	53.5
Thermodesulfovibrio1_01957	gb|AAA25293.1|ARO:3000192|tetS	37.7	130	74	3	40	417	5	131	5.8e-17	82.4
Thermodesulfovibrio1_01957	gb|CAA37477.1|ARO:3002891|otr(A)	38.0	129	75	3	40	417	5	131	7.6e-17	82.0
Thermodesulfovibrio1_01957	gb|BAB82500.1|ARO:3000186|tetM	34.9	152	86	5	40	477	5	149	7.6e-17	82.0
Thermodesulfovibrio1_01957	gb|CAA10975.1|ARO:3000194|tetW	35.6	149	89	4	40	477	5	149	5.4e-15	75.9
Thermodesulfovibrio1_01957	gb|CBH51823.1|ARO:3000556|tet44	34.0	150	90	4	40	477	5	149	5.4e-15	75.9
Thermodesulfovibrio1_01957	gb|ACH87088.1|ARO:3000196|tet32	34.9	129	79	3	40	417	5	131	5.4e-15	75.9
Thermodesulfovibrio1_01957	gb|AMP42147.1|ARO:3004442|tet(W/N/W)	35.6	149	89	4	40	477	5	149	5.4e-15	75.9
Thermodesulfovibrio1_01957	gb|AAA20117.1|ARO:3000195|tetB(P)	32.1	134	80	3	40	423	6	134	1.6e-14	74.3
Thermodesulfovibrio1_01957	gb|AAA23033.2|ARO:3000190|tetO	34.6	130	78	3	40	417	5	131	3.5e-14	73.2
Thermodesulfovibrio1_01957	gb|CAD55718.1|ARO:3000197|tet36	30.7	150	97	4	40	480	5	150	1.0e-13	71.6
Thermodesulfovibrio1_01957	gb|AAF01499.1|ARO:3000193|tetT	31.1	148	97	4	40	477	5	149	1.5e-12	67.8
Thermodesulfovibrio1_01957	gb|CAA79727.1|ARO:3000191|tetQ	26.1	188	126	6	40	588	21	200	4.8e-11	62.8
Unknown15_00028	gb|AAV85982.1|ARO:3000535|macB	44.3	221	123	0	1	663	3	223	6.2e-51	194.5
Unknown15_00028	gb|ADZ12699.1|ARO:3005091|RanA	31.5	238	153	6	1	699	1	233	3.3e-28	119.0
Unknown15_00028	gb|AAF67494.2|ARO:3002522|novA	31.3	214	136	5	28	654	367	574	5.1e-21	95.1
Unknown15_00028	gb|AAK76137.1|ARO:3000024|patA	28.8	222	145	5	4	654	327	540	6.6e-21	94.7
Unknown15_00028	gb|AAC74000.1|ARO:3003950|msbA	31.1	228	133	7	4	654	342	556	4.3e-20	92.0
Unknown15_00028	gb|WP_104671188.1|ARO:3003948|efrA	30.5	203	130	5	61	654	349	545	9.0e-18	84.3
Unknown15_00028	gb|CBY88983.1|ARO:3002833|vgaE	26.9	216	125	8	19	654	272	458	4.2e-15	75.5
Unknown15_00028	gb|AAC32027.1|ARO:3002817|carA	27.8	248	139	10	4	654	6	244	9.3e-15	74.3
Unknown15_00028	gb|AAC75271.1|ARO:3003952|yojI	28.4	201	123	5	70	654	342	527	3.5e-14	72.4
Unknown15_00028	gb|AET10444.1|ARO:3004032|tetA(46)	24.4	205	144	7	55	654	347	545	7.9e-14	71.2
Unknown15_00028	gb|AAA26832.1|ARO:3002827|tlrC	25.3	269	134	8	4	693	9	249	1.3e-13	70.5
Unknown15_00028	gb|ANZ79240.1|ARO:3004035|tetA(60)	28.9	225	141	8	4	654	336	549	2.3e-13	69.7
Unknown15_00028	gb|AEA37904.1|ARO:3003112|lsaC	28.4	215	121	6	1	639	309	492	3.9e-13	68.9
Unknown15_00028	gb|CAA45050.1|ARO:3002828|srmB	27.2	272	124	8	10	693	8	249	1.5e-12	67.0
Unknown15_00028	gb|AAA50325.1|ARO:3003036|oleB	26.0	235	142	8	61	693	48	274	4.3e-12	65.5
Unknown15_00028	gb|CBL58195.1|ARO:3002831|vgaC	27.1	218	124	8	19	657	272	459	9.6e-12	64.3
Unknown15_00028	gb|ABX00624.1|ARO:3002881|lmrC	29.4	204	111	9	67	657	359	536	2.8e-11	62.8
Unknown15_00028	gb|AKA86814|ARO:3003746|optrA	29.5	200	113	7	61	648	361	536	2.8e-11	62.8
Unknown15_00028	gb|APB03219.1|ARO:3003986|TaeA	28.7	174	93	7	100	600	347	496	9.0e-10	57.8
Unknown15_00028	gb|AHB37625.1|ARO:3004715|vga(E)	34.1	88	54	2	394	654	374	458	9.0e-10	57.8
Unknown15_00028	gb|AGN74946|ARO:3003749|salA	24.3	185	113	7	70	600	21	186	1.5e-09	57.0
Unknown15_00028	gb|AVI44920.1|ARO:3004470|poxtA	25.1	215	119	9	76	633	21	222	1.5e-09	57.0
Unknown15_00028	gb|NP_862226.1|ARO:3004639|Corynebacterium	46.7	60	31	1	412	588	438	497	7.6e-09	54.7
Unknown15_00028	gb|NP_388442.1|ARO:3004476|vmlR	24.5	196	101	6	70	645	23	175	7.6e-09	54.7
Unknown15_00028	gb|ACX92986.2|ARO:3002832|vgaD	33.3	87	54	3	397	654	374	457	3.2e-07	49.3
Unknown3_01690	gb|AAA25293.1|ARO:3000192|tetS	34.3	134	77	3	37	423	4	131	1.4e-15	77.8
Unknown3_01690	gb|CAA10975.1|ARO:3000194|tetW	34.3	134	77	3	37	423	4	131	1.9e-15	77.4
Unknown3_01690	gb|AMP42147.1|ARO:3004442|tet(W/N/W)	34.3	134	77	3	37	423	4	131	1.9e-15	77.4
Unknown3_01690	gb|BAB82500.1|ARO:3000186|tetM	33.6	134	78	3	37	423	4	131	1.2e-14	74.7
Unknown3_01690	gb|CBH51823.1|ARO:3000556|tet44	33.6	134	78	3	37	423	4	131	2.1e-14	73.9
Unknown3_01690	gb|CAA37477.1|ARO:3002891|otr(A)	29.3	263	155	10	37	777	4	251	6.0e-14	72.4
Unknown3_01690	gb|AAA20117.1|ARO:3000195|tetB(P)	32.4	139	83	3	28	429	2	134	1.7e-13	70.9
Unknown3_01690	gb|ACH87088.1|ARO:3000196|tet32	30.6	134	82	3	37	423	4	131	3.0e-13	70.1
Unknown3_01690	gb|CAD55718.1|ARO:3000197|tet36	33.1	157	88	6	37	486	4	150	1.9e-12	67.4
Unknown3_01690	gb|AAA23033.2|ARO:3000190|tetO	32.1	159	84	6	37	486	4	147	1.9e-12	67.4
Unknown3_01690	gb|AAF01499.1|ARO:3000193|tetT	29.5	149	102	2	37	483	4	149	5.6e-12	65.9
Unknown3_01690	gb|CAA79727.1|ARO:3000191|tetQ	27.1	129	93	1	37	423	20	147	2.6e-09	57.0
Unknown6_00728	gb|APB03214.1|ARO:3003980|tetA(48)	43.9	228	127	1	46	729	18	244	9.5e-51	194.1
Unknown6_00728	gb|AAA26793|ARO:3003748|oleC	35.7	221	141	1	52	714	3	222	1.9e-43	169.9
Unknown6_00728	gb|AAA99504.1|ARO:3002987|bcrA	38.4	216	130	1	37	684	2	214	1.3e-39	157.1
Unknown6_00728	gb|AAR96051.1|ARO:3002894|otrC	29.6	230	159	3	46	732	14	241	1.6e-29	123.6
Unknown6_00728	gb|CDO61516.1|ARO:3003949|efrB	31.5	181	108	6	46	555	168	343	3.4e-16	79.3
Unknown6_00728	gb|XP_753111.1|ARO:3003942|abcA	29.9	184	117	6	91	615	821	1001	1.9e-11	63.5
Unknown6_00728	gb|SOX29786.1|ARO:3004730|tva(A)	23.6	199	114	5	91	669	19	185	4.8e-10	58.9
Unknown6_00728	gb|APB03219.1|ARO:3003986|TaeA	22.7	247	139	9	43	675	3	233	1.4e-09	57.4
Unknown6_00728	gb|ABX00624.1|ARO:3002881|lmrC	25.6	168	103	4	94	558	23	181	9.0e-09	54.7
Unknown6_00728	gb|CAA45050.1|ARO:3002828|srmB	29.0	155	88	5	79	537	368	502	2.2e-07	50.1
Unknown6_00728	gb|AAC32027.1|ARO:3002817|carA	27.0	152	81	4	103	537	375	503	2.9e-07	49.7
Unknown6_00728	gb|AAA26832.1|ARO:3002827|tlrC	27.7	173	102	4	142	639	387	543	1.0e-04	41.2
Unknown7_00554	gb|CAA37477.1|ARO:3002891|otr(A)	37.1	151	87	4	34	477	4	149	1.4e-18	87.8
Unknown7_00554	gb|BAB82500.1|ARO:3000186|tetM	33.1	151	93	4	34	477	4	149	5.2e-18	85.9
Unknown7_00554	gb|CAA10975.1|ARO:3000194|tetW	34.4	151	91	4	34	477	4	149	6.8e-18	85.5
Unknown7_00554	gb|AMP42147.1|ARO:3004442|tet(W/N/W)	34.4	151	91	4	34	477	4	149	6.8e-18	85.5
Unknown7_00554	gb|CBH51823.1|ARO:3000556|tet44	32.2	149	97	3	34	477	4	149	1.2e-17	84.7
Unknown7_00554	gb|ACH87088.1|ARO:3000196|tet32	32.5	151	94	4	34	477	4	149	4.4e-17	82.8
Unknown7_00554	gb|AAA25293.1|ARO:3000192|tetS	33.1	130	85	2	34	420	4	132	9.9e-17	81.6
Unknown7_00554	gb|AAA23033.2|ARO:3000190|tetO	34.6	130	83	2	34	420	4	132	1.7e-16	80.9
Unknown7_00554	gb|AAA20117.1|ARO:3000195|tetB(P)	32.8	134	88	2	25	423	2	134	8.3e-16	78.6
Unknown7_00554	gb|AAF01499.1|ARO:3000193|tetT	31.8	151	95	4	34	477	4	149	4.1e-15	76.3
Unknown7_00554	gb|CAD55718.1|ARO:3000197|tet36	34.6	133	79	3	34	420	4	132	1.2e-14	74.7
Unknown7_00554	gb|CAA79727.1|ARO:3000191|tetQ	30.8	130	88	2	34	420	20	148	1.6e-11	64.3
Unknown9_00357	gb|AAV85982.1|ARO:3000535|macB	43.8	233	131	0	1	699	3	235	7.3e-52	197.6
Unknown9_00357	gb|ADZ12699.1|ARO:3005091|RanA	32.9	222	141	5	1	657	1	217	1.1e-28	120.6
Unknown9_00357	gb|AAC74000.1|ARO:3003950|msbA	32.0	228	131	7	4	654	342	556	1.7e-21	96.7
Unknown9_00357	gb|AAF67494.2|ARO:3002522|novA	30.9	220	129	6	28	654	367	574	1.1e-20	94.0
Unknown9_00357	gb|AAK76137.1|ARO:3000024|patA	28.4	222	146	5	4	654	327	540	3.6e-19	89.0
Unknown9_00357	gb|WP_104671188.1|ARO:3003948|efrA	29.4	201	131	5	61	648	349	543	2.2e-16	79.7
Unknown9_00357	gb|AAC75271.1|ARO:3003952|yojI	29.3	205	124	7	70	666	342	531	5.4e-15	75.1
Unknown9_00357	gb|AAC32027.1|ARO:3002817|carA	27.1	229	128	7	4	600	6	225	6.0e-14	71.6
Unknown9_00357	gb|AET10444.1|ARO:3004032|tetA(46)	25.0	212	134	8	55	654	347	545	2.3e-13	69.7
Unknown9_00357	gb|ANZ79240.1|ARO:3004035|tetA(60)	28.6	227	139	8	4	654	336	549	2.3e-13	69.7
Unknown9_00357	gb|CBY88983.1|ARO:3002833|vgaE	26.7	191	108	7	91	654	297	458	3.9e-13	68.9
Unknown9_00357	gb|AAA26832.1|ARO:3002827|tlrC	25.2	238	117	6	4	600	9	224	8.7e-13	67.8
Unknown9_00357	gb|AAA50325.1|ARO:3003036|oleB	28.2	209	112	6	61	600	48	247	4.3e-12	65.5
Unknown9_00357	gb|CAA45050.1|ARO:3002828|srmB	27.4	241	107	7	10	600	8	224	9.6e-12	64.3
Unknown9_00357	gb|AEA37904.1|ARO:3003112|lsaC	29.2	216	118	9	1	639	309	492	9.6e-12	64.3
Unknown9_00357	gb|ABX00624.1|ARO:3002881|lmrC	28.2	202	116	7	67	657	359	536	1.3e-11	63.9
Unknown9_00357	gb|APB03219.1|ARO:3003986|TaeA	26.0	208	117	7	1	600	318	496	6.2e-11	61.6
Unknown9_00357	gb|CBL58195.1|ARO:3002831|vgaC	25.8	217	128	8	19	657	272	459	8.1e-11	61.2
Unknown9_00357	gb|AKA86814|ARO:3003746|optrA	27.9	201	117	7	61	651	361	537	1.4e-10	60.5
Unknown9_00357	gb|NP_388442.1|ARO:3004476|vmlR	24.0	196	102	7	70	645	23	175	1.2e-09	57.4
Unknown9_00357	gb|ACX92986.2|ARO:3002832|vgaD	25.9	193	113	6	73	645	290	454	4.5e-09	55.5
Unknown9_00357	gb|AGN74946|ARO:3003749|salA	21.0	181	124	6	70	600	21	186	4.5e-09	55.5
Unknown9_00357	gb|AHB37625.1|ARO:3004715|vga(E)	25.8	155	97	6	199	654	319	458	5.8e-09	55.1
Unknown9_00357	gb|CAA36304.1|ARO:3000251|msrA	26.3	186	105	6	55	606	312	467	7.6e-09	54.7
Unknown9_00357	gb|AVI44920.1|ARO:3004470|poxtA	25.1	215	119	10	76	633	21	222	1.3e-08	53.9
