Bacteria10_00285	gi|1224261641|ref|WP_092288156.1|	32.9	143	83	6	4	408	17	154	6.9e-09	61.6
Bacteria10_00285	gi|1183668517|ref|WP_084900534.1|	34.8	141	83	6	4	408	17	154	1.2e-08	60.8
Bacteria10_00285	gi|1093544433|ref|WP_070881693.1|	34.0	141	84	6	4	408	17	154	1.2e-08	60.8
Bacteria10_00285	gi|730296755|ref|WP_033975769.1|	25.6	254	148	9	4	663	18	264	2.6e-08	59.7
Bacteria10_00285	gi|953979125|ref|WP_058064051.1|	34.0	141	84	6	4	408	17	154	2.6e-08	59.7
Bacteria10_00285	gi|1222389230|ref|WP_090441390.1|	32.9	140	87	6	4	408	17	154	2.6e-08	59.7
Bacteria10_00285	gi|489373539|ref|WP_003280302.1|	34.0	141	84	6	4	408	17	154	2.6e-08	59.7
Bacteria10_00285	gi|1224338896|ref|WP_092364278.1|	33.3	141	85	6	4	408	17	154	3.4e-08	59.3
Bacteria10_00285	gi|1219343030|ref|WP_089358724.1|	31.5	143	85	6	4	408	17	154	3.4e-08	59.3
Bacteria10_00285	gi|498170738|ref|WP_010484894.1|	31.5	143	85	6	4	408	17	154	3.4e-08	59.3
Bacteria10_00285	gi|1222182695|ref|WP_090237801.1|	31.5	143	85	6	4	408	17	154	4.5e-08	58.9
Bacteria10_00285	gi|545464053|ref|WP_021700666.1|	34.0	141	84	6	4	408	17	154	4.5e-08	58.9
Bacteria10_00285	gi|1088381911|gb|OHC23738.1|	31.5	143	85	6	4	408	17	154	5.9e-08	58.5
Bacteria10_00285	gi|1222332243|ref|WP_090385267.1|	31.5	143	85	6	4	408	17	154	5.9e-08	58.5
Bacteria10_00285	gi|1222197606|ref|WP_090252608.1|	31.5	143	85	6	4	408	17	154	5.9e-08	58.5
Bacteria10_00285	gi|1222172906|ref|WP_090228068.1|	32.2	143	84	6	4	408	17	154	5.9e-08	58.5
Bacteria10_00285	gi|489386211|ref|WP_003292825.1|	34.0	141	84	6	4	408	17	154	5.9e-08	58.5
Bacteria10_00285	gi|780824199|gb|KJS27593.1|	34.0	141	84	6	4	408	17	154	5.9e-08	58.5
Bacteria10_00285	gi|489394163|ref|WP_003300681.1|	34.0	141	84	6	4	408	17	154	5.9e-08	58.5
Bacteria10_00285	gi|505089259|ref|WP_015276361.1|	34.0	141	84	6	4	408	17	154	5.9e-08	58.5
Bacteria10_00285	gi|1024905397|ref|WP_063539761.1|	34.0	141	84	6	4	408	17	154	5.9e-08	58.5
Bacteria10_00285	gi|817652608|ref|WP_046618788.1|	34.0	141	84	6	4	408	17	154	5.9e-08	58.5
Bacteria10_00285	gi|1239474306|ref|WP_095460478.1|	34.0	141	84	6	4	408	17	154	5.9e-08	58.5
Bacteria10_00285	gi|500263027|ref|WP_011913911.1|	34.0	141	84	6	4	408	17	154	5.9e-08	58.5
Bacteria10_00285	gi|1088371216|gb|OHC14020.1|	34.0	141	84	6	4	408	17	154	5.9e-08	58.5
Bacteria11_00291	gi|946745679|gb|KRG12892.1|	50.6	81	40	0	22	264	18	98	7.8e-15	79.3
Bacteria11_00291	gi|953331447|ref|WP_057986458.1|	49.4	83	42	0	22	270	18	100	1.7e-14	78.2
Bacteria11_00291	gi|727677113|ref|WP_033827124.1|	46.5	86	46	0	13	270	15	100	1.7e-14	78.2
Bacteria11_00291	gi|1236079628|ref|WP_094885496.1|	46.5	86	46	0	13	270	15	100	2.3e-14	77.8
Bacteria11_00291	gi|1236081202|ref|WP_094886905.1|	45.3	86	47	0	13	270	15	100	5.1e-14	76.6
Bacteria11_00291	gi|1215547518|ref|WP_089060581.1|	45.3	86	47	0	13	270	15	100	1.1e-13	75.5
Bacteria11_00291	gi|657023364|ref|WP_029267150.1|	46.5	86	46	0	13	270	15	100	1.1e-13	75.5
Bacteria11_00291	gi|1148876180|ref|WP_077596149.1|	47.0	83	44	0	22	270	18	100	1.5e-13	75.1
Bacteria11_00291	gi|737754844|ref|WP_035723430.1|	45.3	86	47	0	13	270	15	100	1.5e-13	75.1
Bacteria11_00291	gi|1148578244|ref|WP_077324830.1|	44.2	86	48	0	13	270	15	100	1.5e-13	75.1
Bacteria11_00291	gi|1222884837|ref|WP_090928381.1|	47.0	83	44	0	22	270	18	100	1.9e-13	74.7
Bacteria11_00291	gi|754862427|ref|WP_042223061.1|	44.2	86	48	0	13	270	15	100	1.9e-13	74.7
Bacteria11_00291	gi|1230786257|ref|WP_094251582.1|	44.7	85	47	0	16	270	14	98	1.9e-13	74.7
Bacteria11_00291	gi|738675139|ref|WP_036574957.1|	45.8	83	45	0	22	270	18	100	1.9e-13	74.7
Bacteria11_00291	gi|960506921|dbj|GAQ18563.1|	45.8	83	45	0	22	270	21	103	1.9e-13	74.7
Bacteria11_00291	gi|1238615301|ref|WP_095311480.1|	46.3	82	44	0	25	270	19	100	1.9e-13	74.7
Bacteria11_00291	gi|1221612880|ref|WP_089742342.1|	45.3	86	47	0	13	270	15	100	2.5e-13	74.3
Bacteria11_00291	gi|1240494824|ref|WP_095656483.1|	44.2	86	48	0	13	270	15	100	2.5e-13	74.3
Bacteria11_00291	gi|926265938|ref|WP_053604124.1|	47.0	83	44	0	22	270	17	99	3.3e-13	73.9
Bacteria11_00291	gi|1124307284|ref|WP_074600585.1|	46.9	81	43	0	28	270	3	83	3.3e-13	73.9
Bacteria11_00291	gi|737756916|ref|WP_035725481.1|	47.0	83	44	0	22	270	18	100	3.3e-13	73.9
Bacteria11_00291	gi|575082502|dbj|GAE94811.1|	47.0	83	44	0	22	270	21	103	3.3e-13	73.9
Bacteria11_00291	gi|1069633336|ref|WP_069685802.1|	49.4	79	40	0	22	258	17	95	3.3e-13	73.9
Bacteria11_00291	gi|651940337|ref|WP_026674183.1|	46.7	90	48	0	1	270	17	106	3.3e-13	73.9
Bacteria11_00291	gi|754780455|ref|WP_042144341.1|	44.6	83	46	0	22	270	18	100	3.3e-13	73.9
Bacteria14_00724	gi|953983582|ref|WP_058068477.1|	27.0	211	117	8	58	597	59	263	1.4e-06	53.9
Bacteria14_00724	gi|685985080|ref|WP_031691687.1|	25.8	198	99	6	34	489	52	247	1.8e-06	53.5
Bacteria14_00724	gi|730284188|ref|WP_033971089.1|	25.3	198	100	6	34	489	52	247	4.0e-06	52.4
Bacteria14_00724	gi|1067260500|ref|WP_069562196.1|	35.4	82	50	2	58	300	59	138	5.2e-06	52.0
Bacteria14_00724	gi|764543399|ref|WP_044414106.1|	35.4	82	50	2	58	300	59	138	5.2e-06	52.0
Bacteria14_00724	gi|1224261641|ref|WP_092288156.1|	35.4	82	50	2	58	300	59	138	5.2e-06	52.0
Bacteria14_00724	gi|730296755|ref|WP_033975769.1|	24.9	217	130	7	34	597	52	264	6.8e-06	51.6
Bacteria14_00724	gi|1124601568|ref|WP_074883405.1|	32.2	90	58	2	34	300	51	138	8.8e-06	51.2
Bacteria14_00724	gi|1120402269|ref|WP_073265705.1|	32.2	90	58	2	34	300	51	138	8.8e-06	51.2
Bacteria14_00724	gi|1224338896|ref|WP_092364278.1|	32.2	90	58	2	34	300	51	138	8.8e-06	51.2
Bacteria14_00724	gi|1093544433|ref|WP_070881693.1|	32.2	90	58	2	34	300	51	138	8.8e-06	51.2
Bacteria14_00724	gi|755680765|ref|WP_042553169.1|	32.2	90	58	2	34	300	51	138	8.8e-06	51.2
Bacteria14_00724	gi|1237013309|ref|WP_095154007.1|	26.7	191	90	8	58	489	59	246	1.2e-05	50.8
Bacteria14_00724	gi|1180833048|ref|WP_084306082.1|	33.3	90	57	2	34	300	51	138	1.2e-05	50.8
Bacteria14_00724	gi|1222182695|ref|WP_090237801.1|	34.1	82	51	2	58	300	59	138	1.5e-05	50.4
Bacteria14_00724	gi|1088381911|gb|OHC23738.1|	34.1	82	51	2	58	300	59	138	1.5e-05	50.4
Bacteria14_00724	gi|1222332243|ref|WP_090385267.1|	34.1	82	51	2	58	300	59	138	1.5e-05	50.4
Bacteria14_00724	gi|1222197606|ref|WP_090252608.1|	34.1	82	51	2	58	300	59	138	1.5e-05	50.4
Bacteria14_00724	gi|1222389230|ref|WP_090441390.1|	34.1	82	51	2	58	300	59	138	1.5e-05	50.4
Bacteria14_00724	gi|1219343030|ref|WP_089358724.1|	23.9	201	105	6	34	498	51	249	1.5e-05	50.4
Bacteria14_00724	gi|1226755949|ref|WP_093986670.1|	33.3	90	57	2	34	300	51	138	1.5e-05	50.4
Bacteria14_00724	gi|953979125|ref|WP_058064051.1|	32.2	90	58	2	34	300	51	138	2.0e-05	50.1
Bacteria14_00724	gi|489373539|ref|WP_003280302.1|	32.2	90	58	2	34	300	51	138	2.0e-05	50.1
Bacteria14_00724	gi|1010919597|ref|WP_061904991.1|	32.2	90	58	2	34	300	51	138	2.0e-05	50.1
Bacteria14_00724	gi|1134183966|ref|WP_076426301.1|	32.2	90	58	2	34	300	51	138	2.0e-05	50.1
Bacteria17_02830	gi|652427457|ref|WP_026822793.1|	41.2	233	133	2	100	789	21	252	9.4e-47	187.2
Bacteria17_02830	gi|745758568|ref|WP_039057803.1|	43.2	234	129	2	97	789	19	251	5.2e-45	181.4
Bacteria17_02830	gi|959988707|gb|ALR76446.1|	46.1	206	110	1	97	714	28	232	1.3e-43	176.8
Bacteria17_02830	gi|1242669052|ref|WP_095794726.1|	40.1	262	151	4	13	789	2	260	3.7e-43	175.3
Bacteria17_02830	gi|1033059816|ref|WP_064371027.1|	43.5	232	127	2	103	789	21	251	4.8e-43	174.9
Bacteria17_02830	gi|974587789|ref|WP_059178084.1|	45.1	213	116	1	103	741	22	233	4.8e-43	174.9
Bacteria17_02830	gi|1004036905|ref|WP_061492758.1|	42.5	233	130	2	97	786	19	250	4.8e-43	174.9
Bacteria17_02830	gi|490217771|ref|WP_004116149.1|	43.5	232	127	2	103	789	21	251	6.3e-43	174.5
Bacteria17_02830	gi|490208218|ref|WP_004106626.1|	43.5	232	127	2	103	789	21	251	6.3e-43	174.5
Bacteria17_02830	gi|1208976589|ref|WP_088238336.1|	42.5	233	130	2	97	786	19	250	6.3e-43	174.5
Bacteria17_02830	gi|1255312959|ref|WP_097406459.1|	42.3	234	131	2	97	789	19	251	6.3e-43	174.5
Bacteria17_02830	gi|521291351|ref|WP_020455619.1|	42.3	234	131	2	97	789	19	251	6.3e-43	174.5
Bacteria17_02830	gi|446095850|ref|WP_000173705.1|	39.4	269	157	4	13	810	2	267	8.3e-43	174.1
Bacteria17_02830	gi|1015939527|ref|WP_062893068.1|	39.3	262	153	4	13	789	2	260	8.3e-43	174.1
Bacteria17_02830	gi|780190336|ref|WP_045507703.1|	42.3	234	131	2	97	789	19	251	8.3e-43	174.1
Bacteria17_02830	gi|939029662|ref|WP_054802657.1|	41.6	233	132	2	97	786	19	250	8.3e-43	174.1
Bacteria17_02830	gi|1061398982|ref|WP_069192879.1|	39.0	269	158	4	13	810	2	267	1.4e-42	173.3
Bacteria17_02830	gi|1119465689|ref|WP_072439536.1|	41.3	235	134	2	97	792	19	252	1.4e-42	173.3
Bacteria17_02830	gi|1039431217|ref|WP_064794990.1|	43.8	233	129	2	103	801	22	252	1.4e-42	173.3
Bacteria17_02830	gi|545301326|ref|WP_021581123.1|	39.3	262	153	4	13	789	2	260	1.8e-42	172.9
Bacteria17_02830	gi|446095839|ref|WP_000173694.1|	39.0	269	158	4	13	810	2	267	1.8e-42	172.9
Bacteria17_02830	gi|446095842|ref|WP_000173697.1|	39.0	269	158	4	13	810	2	267	1.8e-42	172.9
Bacteria17_02830	gi|490236442|ref|WP_004134753.1|	41.6	243	138	2	70	789	10	251	1.8e-42	172.9
Bacteria17_02830	gi|1255302096|ref|WP_097399887.1|	42.3	234	131	2	97	789	19	251	1.8e-42	172.9
Bacteria17_02830	gi|950163209|ref|WP_057212758.1|	43.8	233	129	2	103	801	22	252	1.8e-42	172.9
Bacteria2_00541	gi|504862504|ref|WP_015049606.1|	38.1	113	67	1	94	432	73	182	7.7e-12	70.5
Bacteria2_00541	gi|1084121864|gb|OGL19751.1|	33.3	156	96	3	97	564	63	210	6.5e-11	67.4
Bacteria2_00541	gi|1219266825|ref|WP_089283632.1|	33.9	112	71	1	97	432	73	181	1.9e-10	65.9
Bacteria2_00541	gi|1113227160|gb|OJU93938.1|	29.3	157	96	4	97	534	73	225	3.2e-10	65.1
Bacteria2_00541	gi|1084071978|gb|OGK76597.1|	32.7	156	97	3	97	564	63	210	3.2e-10	65.1
Bacteria2_00541	gi|146272872|dbj|BAF58621.1|	32.3	158	85	3	97	519	77	229	4.2e-10	64.7
Bacteria2_00541	gi|1082182098|gb|OFW20812.1|	36.6	112	68	1	97	432	81	189	5.5e-10	64.3
Bacteria2_00541	gi|1180032582|ref|WP_083554424.1|	36.6	112	68	1	97	432	76	184	7.2e-10	63.9
Bacteria2_00541	gi|938911179|ref|WP_054694027.1|	35.4	113	68	3	97	432	73	181	7.2e-10	63.9
Bacteria2_00541	gi|516754191|ref|WP_018084905.1|	35.7	129	77	4	49	432	59	182	9.4e-10	63.5
Bacteria2_00541	gi|973097587|gb|KUK56671.1|	33.1	145	90	2	94	528	73	210	1.2e-09	63.2
Bacteria2_00541	gi|1172520735|ref|WP_080887184.1|	34.9	129	78	4	49	432	62	185	1.6e-09	62.8
Bacteria2_00541	gi|1224451814|ref|WP_092474512.1|	32.9	143	74	4	97	471	74	212	1.6e-09	62.8
Bacteria2_00541	gi|922783416|ref|WP_053381118.1|	30.8	159	83	3	106	531	80	228	2.1e-09	62.4
Bacteria2_00541	gi|918715334|ref|WP_052580309.1|	34.8	112	70	1	97	432	77	185	2.1e-09	62.4
Bacteria2_00541	gi|1027770261|ref|WP_063701967.1|	35.2	128	74	4	97	477	65	184	3.6e-09	61.6
Bacteria2_00541	gi|651321841|ref|WP_026446224.1|	36.3	113	67	3	97	432	75	183	3.6e-09	61.6
Bacteria2_00541	gi|1125373690|gb|OLD11490.1|	30.0	150	85	2	97	495	78	224	4.7e-09	61.2
Bacteria2_00541	gi|1125199796|gb|OLB52370.1|	34.5	113	69	3	97	432	74	182	6.1e-09	60.8
Bacteria2_00541	gi|671511731|ref|WP_031497805.1|	36.3	113	67	3	97	432	65	173	6.1e-09	60.8
Bacteria2_00541	gi|1120296584|ref|WP_073162258.1|	33.6	113	72	1	94	432	67	176	6.1e-09	60.8
Bacteria2_00541	gi|1125335404|gb|OLC76242.1|	34.2	114	72	1	91	432	73	183	8.0e-09	60.5
Bacteria2_00541	gi|1125307745|gb|OLC50560.1|	34.2	114	72	1	91	432	73	183	8.0e-09	60.5
Bacteria2_00541	gi|1175912372|gb|OQW33186.1|	35.8	109	67	1	106	432	82	187	8.0e-09	60.5
Bacteria2_00541	gi|1125149741|gb|OLB06409.1|	34.8	112	70	1	97	432	69	177	8.0e-09	60.5
Bacteria20_01266	gi|745784255|ref|WP_039077679.1|	41.8	268	154	1	1	804	55	320	2.3e-55	215.7
Bacteria20_01266	gi|1222064140|ref|WP_090121035.1|	41.8	268	154	1	1	804	55	320	2.3e-55	215.7
Bacteria20_01266	gi|1222413846|ref|WP_090465694.1|	41.8	268	154	1	1	804	55	320	2.3e-55	215.7
Bacteria20_01266	gi|763321896|ref|WP_044180346.1|	41.8	268	154	1	1	804	55	320	2.3e-55	215.7
Bacteria20_01266	gi|639209805|ref|WP_024547976.1|	41.8	268	154	1	1	804	55	320	2.3e-55	215.7
Bacteria20_01266	gi|1222030731|ref|WP_090088213.1|	41.8	268	154	1	1	804	55	320	2.3e-55	215.7
Bacteria20_01266	gi|486028897|ref|WP_001504639.1|	41.4	268	155	1	1	804	55	320	3.9e-55	214.9
Bacteria20_01266	gi|693125247|ref|WP_032272690.1|	41.4	268	155	1	1	804	55	320	6.7e-55	214.2
Bacteria20_01266	gi|446003728|ref|WP_000081583.1|	41.4	268	155	1	1	804	55	320	6.7e-55	214.2
Bacteria20_01266	gi|698855537|gb|AIT99576.1|	41.4	268	155	1	1	804	55	320	6.7e-55	214.2
Bacteria20_01266	gi|912558569|ref|WP_050188091.1|	41.4	268	155	1	1	804	55	320	6.7e-55	214.2
Bacteria20_01266	gi|671539199|ref|WP_031522898.1|	41.4	268	155	1	1	804	55	320	6.7e-55	214.2
Bacteria20_01266	gi|488373087|ref|WP_002442472.1|	41.4	268	155	1	1	804	55	320	6.7e-55	214.2
Bacteria20_01266	gi|1004037833|ref|WP_061493360.1|	41.4	268	155	1	1	804	55	320	6.7e-55	214.2
Bacteria20_01266	gi|1167789961|ref|WP_080108713.1|	41.4	268	155	1	1	804	55	320	6.7e-55	214.2
Bacteria20_01266	gi|489004494|ref|WP_002915106.1|	41.4	268	155	1	1	804	55	320	6.7e-55	214.2
Bacteria20_01266	gi|1197961086|ref|WP_086873623.1|	41.4	268	155	1	1	804	55	320	6.7e-55	214.2
Bacteria20_01266	gi|488365273|ref|WP_002434658.1|	41.4	268	155	1	1	804	55	320	6.7e-55	214.2
Bacteria20_01266	gi|1031858025|ref|WP_064176442.1|	41.4	268	155	1	1	804	55	320	6.7e-55	214.2
Bacteria20_01266	gi|1221099808|ref|WP_089518498.1|	41.4	268	155	1	1	804	55	320	8.8e-55	213.8
Bacteria20_01266	gi|1254391314|ref|WP_097290651.1|	41.0	268	156	1	1	804	55	320	8.8e-55	213.8
Bacteria20_01266	gi|912607015|ref|WP_050195012.1|	41.0	268	156	1	1	804	55	320	8.8e-55	213.8
Bacteria20_01266	gi|1143188934|ref|WP_077127987.1|	41.0	268	156	1	1	804	55	320	1.1e-54	213.4
Bacteria20_01266	gi|698855626|gb|AIT99614.1|	41.0	268	156	1	1	804	55	320	1.1e-54	213.4
Bacteria20_01266	gi|1221136224|ref|WP_089536084.1|	41.0	268	156	1	1	804	55	320	1.1e-54	213.4
Bacteria20_01333	gi|1232603751|gb|OYY43322.1|	34.0	94	44	4	151	426	64	141	1.6e-06	52.8
Bacteria20_01333	gi|654320972|ref|WP_027829995.1|	28.7	108	66	3	157	453	44	149	1.6e-06	52.8
Bacteria20_01333	gi|1270220313|gb|PHQ25230.1|	30.2	96	56	3	193	453	59	152	2.9e-05	48.5
Bacteria20_01333	gi|496223773|ref|WP_008937808.1|	26.8	153	87	5	64	453	2	152	3.8e-05	48.1
Bacteria20_01333	gi|738611396|ref|WP_036521752.1|	40.4	57	31	2	304	465	101	157	5.0e-05	47.8
Bacteria20_01333	gi|1064190720|gb|ODU86948.1|	41.7	48	26	1	304	441	100	147	1.5e-04	46.2
Bacteria20_01333	gi|1178502997|ref|WP_083024147.1|	40.8	49	27	1	301	441	100	148	1.5e-04	46.2
Bacteria20_01333	gi|1152317310|ref|WP_078198918.1|	39.7	63	34	2	274	456	91	151	2.5e-04	45.4
Bacteria20_01333	gi|742888198|ref|WP_039016514.1|	39.7	63	34	2	274	456	91	151	2.5e-04	45.4
Bacteria20_01333	gi|1085234294|gb|OGU17268.1|	47.7	44	21	1	301	426	98	141	2.5e-04	45.4
Bacteria20_01333	gi|489900636|ref|WP_003804073.1|	38.8	49	28	1	304	444	102	150	3.2e-04	45.1
Bacteria20_01333	gi|1199717252|ref|WP_087447217.1|	38.8	49	28	1	304	444	100	148	3.2e-04	45.1
Bacteria20_01333	gi|1110719625|ref|WP_071945432.1|	38.5	52	30	1	292	441	96	147	3.2e-04	45.1
Bacteria20_01333	gi|1135452000|gb|APY18928.1|	46.5	43	21	1	304	426	106	148	4.2e-04	44.7
Bacteria20_01333	gi|502872041|ref|WP_013107017.1|	46.5	43	21	1	304	426	106	148	4.2e-04	44.7
Bacteria20_01333	gi|670458123|ref|WP_031406922.1|	46.5	43	21	1	304	426	106	148	4.2e-04	44.7
Bacteria20_01333	gi|1221028512|emb|SCC94791.1|	46.5	43	21	1	304	426	106	148	4.2e-04	44.7
Bacteria20_01333	gi|749553251|ref|WP_040186121.1|	36.1	61	35	2	301	471	99	159	4.2e-04	44.7
Bacteria20_01333	gi|548437312|ref|WP_022524219.1|	36.1	61	35	2	301	471	99	159	4.2e-04	44.7
Bacteria20_01333	gi|1032605111|ref|WP_064233681.1|	30.9	68	45	1	274	471	90	157	4.2e-04	44.7
Bacteria20_01333	gi|780387236|ref|WP_045579719.1|	42.6	47	25	1	292	426	91	137	5.5e-04	44.3
Bacteria20_01333	gi|1064114384|gb|ODU14315.1|	39.6	48	27	1	304	441	100	147	7.2e-04	43.9
Bacteria20_01333	gi|1212700965|ref|WP_088590545.1|	29.4	102	54	4	145	444	66	151	7.2e-04	43.9
Bacteria20_01333	gi|501441460|ref|WP_012464909.1|	40.4	47	26	1	292	426	91	137	7.2e-04	43.9
Bacteria20_01333	gi|495438833|ref|WP_008163528.1|	39.6	53	30	1	292	444	99	151	9.4e-04	43.5
Bacteria21_00300	gi|1084704100|gb|OGP49921.1|	78.8	340	72	0	19	1038	7	346	1.6e-145	515.4
Bacteria21_00300	gi|1083018374|gb|OGD20564.1|	78.5	339	73	0	22	1038	7	345	1.6e-145	515.4
Bacteria21_00300	gi|1083025537|gb|OGD27116.1|	78.2	339	74	0	22	1038	7	345	1.4e-144	512.3
Bacteria21_00300	gi|1083013944|gb|OGD16467.1|	77.0	339	78	0	22	1038	7	345	2.0e-143	508.4
Bacteria21_00300	gi|1085291194|gb|OGU68653.1|	76.3	342	81	0	13	1038	4	345	4.9e-142	503.8
Bacteria21_00300	gi|1248195492|ref|WP_096694904.1|	73.8	344	90	0	7	1038	4	347	2.4e-141	501.5
Bacteria21_00300	gi|1121324437|ref|WP_073634363.1|	74.4	344	88	0	7	1038	4	347	4.1e-141	500.7
Bacteria21_00300	gi|657932413|ref|WP_029633618.1|	75.9	340	82	0	19	1038	11	350	4.5e-140	497.3
Bacteria21_00300	gi|1121313488|ref|WP_073624359.1|	73.3	344	92	0	7	1038	4	347	5.9e-140	496.9
Bacteria21_00300	gi|1083027852|gb|OGD29230.1|	75.2	339	84	0	22	1038	7	345	1.7e-139	495.4
Bacteria21_00300	gi|736665704|ref|WP_034672594.1|	73.5	340	90	0	19	1038	7	346	3.8e-139	494.2
Bacteria21_00300	gi|755106520|ref|WP_042457296.1|	72.9	340	92	0	19	1038	7	346	3.8e-139	494.2
Bacteria21_00300	gi|1085294149|gb|OGU71357.1|	74.3	343	88	0	10	1038	3	345	3.8e-139	494.2
Bacteria21_00300	gi|780214066|ref|WP_045520970.1|	73.5	340	90	0	19	1038	7	346	5.0e-139	493.8
Bacteria21_00300	gi|695808144|ref|WP_032722149.1|	71.6	341	97	0	16	1038	1	341	1.1e-138	492.7
Bacteria21_00300	gi|1267783752|ref|WP_098527491.1|	73.2	340	91	0	19	1038	7	346	1.5e-138	492.3
Bacteria21_00300	gi|1222626989|ref|WP_090675381.1|	72.9	340	92	0	19	1038	7	346	1.5e-138	492.3
Bacteria21_00300	gi|1017099215|gb|KZD88709.1|	71.1	342	99	0	13	1038	17	358	3.3e-138	491.1
Bacteria21_00300	gi|351471105|gb|EHA31226.1|	71.1	342	99	0	13	1038	17	358	3.3e-138	491.1
Bacteria21_00300	gi|1102037683|ref|WP_071581821.1|	71.8	341	96	0	16	1038	1	341	3.3e-138	491.1
Bacteria21_00300	gi|518367327|ref|WP_019537534.1|	72.6	340	93	0	19	1038	7	346	3.3e-138	491.1
Bacteria21_00300	gi|657203666|ref|WP_029318101.1|	71.6	341	97	0	16	1038	1	341	4.3e-138	490.7
Bacteria21_00300	gi|1242725271|ref|WP_095844117.1|	71.6	341	97	0	16	1038	1	341	5.6e-138	490.3
Bacteria21_00300	gi|1028849030|ref|WP_064017993.1|	72.6	340	93	0	19	1038	7	346	5.6e-138	490.3
Bacteria21_00300	gi|1255089720|ref|WP_097354529.1|	72.4	340	94	0	19	1038	7	346	5.6e-138	490.3
Bacteria24_00335	gi|946745679|gb|KRG12892.1|	49.4	81	41	0	16	258	18	98	1.7e-14	78.2
Bacteria24_00335	gi|953331447|ref|WP_057986458.1|	48.2	83	43	0	16	264	18	100	3.8e-14	77.0
Bacteria24_00335	gi|727677113|ref|WP_033827124.1|	48.2	83	43	0	16	264	18	100	3.8e-14	77.0
Bacteria24_00335	gi|1069633336|ref|WP_069685802.1|	50.6	79	39	0	16	252	17	95	5.0e-14	76.6
Bacteria24_00335	gi|1221612880|ref|WP_089742342.1|	49.4	83	42	0	16	264	18	100	8.5e-14	75.9
Bacteria24_00335	gi|737460540|ref|WP_035440645.1|	51.9	77	37	0	16	246	14	90	8.5e-14	75.9
Bacteria24_00335	gi|585393487|dbj|GAF16553.1|	51.9	77	37	0	16	246	19	95	8.5e-14	75.9
Bacteria24_00335	gi|737756916|ref|WP_035725481.1|	48.2	83	43	0	16	264	18	100	1.1e-13	75.5
Bacteria24_00335	gi|575082502|dbj|GAE94811.1|	48.2	83	43	0	16	264	21	103	1.1e-13	75.5
Bacteria24_00335	gi|960413747|ref|WP_058305694.1|	49.4	83	42	0	16	264	18	100	1.1e-13	75.5
Bacteria24_00335	gi|1148876276|ref|WP_077596245.1|	49.4	79	40	0	16	252	17	95	1.4e-13	75.1
Bacteria24_00335	gi|516406876|ref|WP_017796274.1|	49.4	79	40	0	16	252	17	95	1.4e-13	75.1
Bacteria24_00335	gi|1229091286|ref|WP_094189859.1|	51.9	77	37	0	16	246	14	90	1.4e-13	75.1
Bacteria24_00335	gi|657608369|ref|WP_029419528.1|	45.8	83	45	0	16	264	18	100	1.9e-13	74.7
Bacteria24_00335	gi|493689038|ref|WP_006639097.1|	45.8	83	45	0	16	264	18	100	1.9e-13	74.7
Bacteria24_00335	gi|1057316223|ref|WP_068677449.1|	45.8	83	45	0	16	264	18	100	1.9e-13	74.7
Bacteria24_00335	gi|827087088|ref|WP_047184410.1|	45.8	83	45	0	16	264	18	100	1.9e-13	74.7
Bacteria24_00335	gi|1140911908|ref|WP_076760816.1|	45.8	83	45	0	16	264	17	99	2.5e-13	74.3
Bacteria24_00335	gi|499566504|ref|WP_011247287.1|	50.6	77	38	0	16	246	17	93	2.5e-13	74.3
Bacteria24_00335	gi|1225182578|ref|WP_093194859.1|	48.1	79	41	0	16	252	21	99	2.5e-13	74.3
Bacteria24_00335	gi|1011941025|ref|WP_062749312.1|	50.6	77	38	0	16	246	17	93	2.5e-13	74.3
Bacteria24_00335	gi|1221126609|ref|WP_089530181.1|	45.8	83	45	0	16	264	18	100	2.5e-13	74.3
Bacteria24_00335	gi|806496076|ref|WP_046129199.1|	45.8	83	45	0	16	264	14	96	3.2e-13	73.9
Bacteria24_00335	gi|489277577|ref|WP_003185252.1|	45.8	83	45	0	16	264	17	99	3.2e-13	73.9
Bacteria24_00335	gi|1236079628|ref|WP_094885496.1|	45.8	83	45	0	16	264	18	100	3.2e-13	73.9
Bacteria27_00997	gi|1083025537|gb|OGD27116.1|	78.5	339	73	0	25	1041	7	345	1.3e-147	522.3
Bacteria27_00997	gi|1083018374|gb|OGD20564.1|	76.7	339	79	0	25	1041	7	345	3.9e-147	520.8
Bacteria27_00997	gi|1083013944|gb|OGD16467.1|	77.9	339	75	0	25	1041	7	345	3.3e-146	517.7
Bacteria27_00997	gi|1083027852|gb|OGD29230.1|	76.7	339	79	0	25	1041	7	345	5.3e-144	510.4
Bacteria27_00997	gi|1189235526|ref|WP_085660481.1|	76.2	340	81	0	22	1041	2	341	9.0e-144	509.6
Bacteria27_00997	gi|1248195492|ref|WP_096694904.1|	75.7	346	84	0	10	1047	4	349	4.4e-143	507.3
Bacteria27_00997	gi|1121324437|ref|WP_073634363.1|	75.6	344	84	0	10	1041	4	347	7.6e-143	506.5
Bacteria27_00997	gi|755106520|ref|WP_042457296.1|	73.8	340	89	0	22	1041	7	346	9.9e-143	506.1
Bacteria27_00997	gi|1085291194|gb|OGU68653.1|	74.7	340	86	0	22	1041	6	345	1.7e-142	505.4
Bacteria27_00997	gi|1084704100|gb|OGP49921.1|	75.3	340	84	0	22	1041	7	346	2.9e-142	504.6
Bacteria27_00997	gi|1222626989|ref|WP_090675381.1|	74.4	340	87	0	22	1041	7	346	2.9e-142	504.6
Bacteria27_00997	gi|736665704|ref|WP_034672594.1|	74.4	340	87	0	22	1041	7	346	6.4e-142	503.4
Bacteria27_00997	gi|518367327|ref|WP_019537534.1|	74.1	340	88	0	22	1041	7	346	6.4e-142	503.4
Bacteria27_00997	gi|1121313488|ref|WP_073624359.1|	75.1	346	86	0	10	1047	4	349	1.1e-141	502.7
Bacteria27_00997	gi|1267783752|ref|WP_098527491.1|	73.5	340	90	0	22	1041	7	346	4.2e-141	500.7
Bacteria27_00997	gi|657932413|ref|WP_029633618.1|	76.5	340	80	0	22	1041	11	350	4.2e-141	500.7
Bacteria27_00997	gi|1213966280|ref|WP_088679301.1|	72.5	342	94	0	22	1047	2	343	7.1e-141	500.0
Bacteria27_00997	gi|1054534366|ref|WP_066306999.1|	73.5	340	90	0	22	1041	7	346	7.1e-141	500.0
Bacteria27_00997	gi|1021323661|ref|WP_063335917.1|	72.2	342	95	0	22	1047	2	343	9.3e-141	499.6
Bacteria27_00997	gi|764612822|ref|WP_044430552.1|	72.5	342	94	0	22	1047	2	343	9.3e-141	499.6
Bacteria27_00997	gi|1021796453|ref|WP_063388318.1|	73.5	340	90	0	22	1041	7	346	9.3e-141	499.6
Bacteria27_00997	gi|1020034576|ref|WP_063184954.1|	73.2	340	91	0	22	1041	7	346	9.3e-141	499.6
Bacteria27_00997	gi|1269825166|gb|ATO35976.1|	73.5	340	90	0	22	1041	7	346	9.3e-141	499.6
Bacteria27_00997	gi|695808144|ref|WP_032722149.1|	72.4	340	94	0	22	1041	2	341	1.2e-140	499.2
Bacteria27_00997	gi|780214066|ref|WP_045520970.1|	73.2	340	91	0	22	1041	7	346	1.2e-140	499.2
Bacteria29_00473	gi|954628693|gb|ALP53777.1|	53.8	223	98	2	1	660	1	221	4.2e-62	237.7
Bacteria29_00473	gi|1113442129|gb|OJX03996.1|	51.1	221	108	0	1	663	1	221	2.7e-61	235.0
Bacteria29_00473	gi|1054956115|ref|WP_066710767.1|	51.8	222	106	1	1	663	1	222	6.0e-61	233.8
Bacteria29_00473	gi|1001836290|gb|KXS30964.1|	50.7	221	109	0	1	663	1	221	1.0e-60	233.0
Bacteria29_00473	gi|1057236748|ref|WP_068607191.1|	52.3	222	105	1	1	663	1	222	1.8e-60	232.3
Bacteria29_00473	gi|1232672113|gb|OYZ03811.1|	51.8	222	106	1	1	663	1	222	3.0e-60	231.5
Bacteria29_00473	gi|1119867516|ref|WP_072756547.1|	51.8	222	106	1	1	663	1	222	3.9e-60	231.1
Bacteria29_00473	gi|518392155|ref|WP_019562362.1|	52.3	222	105	1	1	663	1	222	3.9e-60	231.1
Bacteria29_00473	gi|1085240508|gb|OGU23015.1|	51.4	222	107	1	1	663	1	222	3.9e-60	231.1
Bacteria29_00473	gi|1085203258|gb|OGT88941.1|	51.1	223	108	1	1	666	1	223	3.9e-60	231.1
Bacteria29_00473	gi|969889481|ref|WP_058616474.1|	52.3	222	105	1	1	663	1	222	5.1e-60	230.7
Bacteria29_00473	gi|1085409300|gb|OGV78191.1|	49.8	221	111	0	1	663	1	221	5.1e-60	230.7
Bacteria29_00473	gi|1040104353|ref|WP_065089214.1|	49.8	221	110	1	1	660	1	221	5.1e-60	230.7
Bacteria29_00473	gi|516076500|ref|WP_017507083.1|	52.3	222	105	1	1	663	1	222	5.1e-60	230.7
Bacteria29_00473	gi|1074927573|ref|WP_070072372.1|	49.8	221	110	1	1	660	1	221	6.7e-60	230.3
Bacteria29_00473	gi|1084654646|gb|OGP03116.1|	50.5	222	109	1	1	663	1	222	8.7e-60	229.9
Bacteria29_00473	gi|1011278318|ref|WP_062196586.1|	51.4	222	107	1	1	663	1	222	1.1e-59	229.6
Bacteria29_00473	gi|1055132267|ref|WP_066880072.1|	52.3	222	105	1	1	663	1	222	1.1e-59	229.6
Bacteria29_00473	gi|517742359|ref|WP_018912567.1|	50.2	221	109	1	1	660	1	221	1.1e-59	229.6
Bacteria29_00473	gi|730621491|ref|WP_034055056.1|	50.7	223	109	1	1	666	1	223	1.5e-59	229.2
Bacteria29_00473	gi|950504679|ref|WP_057391807.1|	50.7	223	109	1	1	666	1	223	1.5e-59	229.2
Bacteria29_00473	gi|950491267|ref|WP_057383327.1|	50.7	223	109	1	1	666	1	223	1.5e-59	229.2
Bacteria29_00473	gi|730514665|ref|WP_034033526.1|	50.2	223	110	1	1	666	1	223	1.5e-59	229.2
Bacteria29_00473	gi|656008005|ref|WP_029049401.1|	50.7	223	109	1	1	666	1	223	1.5e-59	229.2
Bacteria29_00473	gi|497350818|ref|WP_009665031.1|	52.5	219	103	1	1	654	1	219	1.5e-59	229.2
Bacteria31_00800	gi|1057236748|ref|WP_068607191.1|	54.7	223	100	1	1	666	1	223	7.6e-64	243.4
Bacteria31_00800	gi|1119867516|ref|WP_072756547.1|	54.7	223	100	1	1	666	1	223	1.3e-63	242.7
Bacteria31_00800	gi|518392155|ref|WP_019562362.1|	54.7	223	100	1	1	666	1	223	1.7e-63	242.3
Bacteria31_00800	gi|969889481|ref|WP_058616474.1|	54.7	223	100	1	1	666	1	223	2.2e-63	241.9
Bacteria31_00800	gi|943593839|ref|WP_055424421.1|	54.3	223	101	1	1	666	1	223	2.9e-63	241.5
Bacteria31_00800	gi|1011278318|ref|WP_062196586.1|	54.3	223	101	1	1	666	1	223	3.8e-63	241.1
Bacteria31_00800	gi|1064103053|gb|ODU03476.1|	53.8	223	102	1	1	666	1	223	3.8e-63	241.1
Bacteria31_00800	gi|1113442129|gb|OJX03996.1|	53.2	222	104	0	1	666	1	222	4.9e-63	240.7
Bacteria31_00800	gi|655492864|ref|WP_028874273.1|	53.8	223	102	1	1	666	1	223	6.4e-63	240.4
Bacteria31_00800	gi|760018930|ref|WP_043702099.1|	54.3	223	101	1	1	666	1	223	6.4e-63	240.4
Bacteria31_00800	gi|1232672113|gb|OYZ03811.1|	54.3	223	101	1	1	666	1	223	6.4e-63	240.4
Bacteria31_00800	gi|1113659070|gb|OJZ17530.1|	55.2	223	99	1	1	666	1	223	8.4e-63	240.0
Bacteria31_00800	gi|1055132267|ref|WP_066880072.1|	54.7	223	100	1	1	666	1	223	1.1e-62	239.6
Bacteria31_00800	gi|1085240508|gb|OGU23015.1|	53.6	222	102	1	1	663	1	222	1.4e-62	239.2
Bacteria31_00800	gi|1001836290|gb|KXS30964.1|	53.8	221	102	0	1	663	1	221	1.4e-62	239.2
Bacteria31_00800	gi|913437871|ref|WP_050417471.1|	54.5	222	101	0	1	666	1	222	1.4e-62	239.2
Bacteria31_00800	gi|1064152113|gb|ODU50518.1|	53.4	223	103	1	1	666	1	223	3.2e-62	238.0
Bacteria31_00800	gi|670488042|ref|WP_031436292.1|	54.7	223	100	1	1	666	1	223	3.2e-62	238.0
Bacteria31_00800	gi|1011273578|ref|WP_062192211.1|	52.7	222	104	1	1	663	1	222	3.2e-62	238.0
Bacteria31_00800	gi|1113599816|gb|OJY58976.1|	53.6	222	102	1	1	663	1	222	4.2e-62	237.7
Bacteria31_00800	gi|1085203258|gb|OGT88941.1|	55.0	222	99	1	1	663	1	222	4.2e-62	237.7
Bacteria31_00800	gi|518389128|ref|WP_019559335.1|	52.3	222	105	1	1	663	1	222	4.2e-62	237.7
Bacteria31_00800	gi|652890251|ref|WP_027149500.1|	54.3	223	101	1	1	666	1	223	7.1e-62	236.9
Bacteria31_00800	gi|1232394869|gb|OYW62783.1|	52.9	223	104	1	1	666	1	223	7.1e-62	236.9
Bacteria31_00800	gi|1064101290|gb|ODU01868.1|	52.9	223	104	1	1	666	1	223	9.3e-62	236.5
Bacteria43_00114	gi|983450468|ref|WP_060612972.1|	35.3	215	128	6	4	642	6	211	4.1e-23	108.2
Bacteria43_00114	gi|518535130|ref|WP_019705337.1|	35.3	215	128	6	4	642	6	211	7.0e-23	107.5
Bacteria43_00114	gi|749529200|ref|WP_040165811.1|	35.3	215	128	6	4	642	6	211	7.0e-23	107.5
Bacteria43_00114	gi|520902577|ref|WP_020324712.1|	35.3	215	128	6	4	642	6	211	9.1e-23	107.1
Bacteria43_00114	gi|504602243|ref|WP_014789345.1|	32.9	207	129	4	67	675	16	216	9.1e-23	107.1
Bacteria43_00114	gi|852040556|ref|WP_048265236.1|	34.9	215	129	6	4	642	6	211	1.6e-22	106.3
Bacteria43_00114	gi|1214752295|ref|WP_088863601.1|	32.4	207	122	5	7	612	1	194	7.7e-22	104.0
Bacteria43_00114	gi|1255320144|ref|WP_097410225.1|	33.2	217	134	6	7	651	7	214	1.7e-21	102.8
Bacteria43_00114	gi|1214746456|ref|WP_088858056.1|	32.2	205	125	4	7	612	1	194	1.7e-21	102.8
Bacteria43_00114	gi|655444814|ref|WP_028829203.1|	32.5	228	137	9	1	657	1	220	1.7e-21	102.8
Bacteria43_00114	gi|1267076182|ref|WP_098031491.1|	34.8	204	118	5	58	651	20	214	2.2e-21	102.4
Bacteria43_00114	gi|652935994|ref|WP_027189596.1|	34.5	200	115	5	91	657	26	220	2.2e-21	102.4
Bacteria43_00114	gi|1006554504|ref|WP_061801369.1|	34.3	204	119	5	58	651	20	214	2.9e-21	102.1
Bacteria43_00114	gi|499186728|ref|WP_010884268.1|	32.7	205	124	5	7	612	1	194	2.9e-21	102.1
Bacteria43_00114	gi|1221323862|ref|WP_089573840.1|	34.3	204	119	5	58	651	20	214	3.8e-21	101.7
Bacteria43_00114	gi|585358453|ref|WP_024240051.1|	34.3	204	119	5	58	651	20	214	3.8e-21	101.7
Bacteria43_00114	gi|545169352|ref|WP_021523798.1|	34.3	204	119	5	58	651	20	214	5.0e-21	101.3
Bacteria43_00114	gi|1063288298|ref|WP_069372585.1|	33.5	200	126	4	58	651	20	214	5.0e-21	101.3
Bacteria43_00114	gi|1248561159|ref|WP_096758013.1|	34.5	200	124	4	58	651	20	214	5.0e-21	101.3
Bacteria43_00114	gi|1214770719|ref|WP_088881948.1|	32.0	206	124	5	7	612	1	194	5.0e-21	101.3
Bacteria43_00114	gi|74503010|sp|Q5JEB0.1|WTPC_THEKO	29.5	234	155	4	25	714	3	230	5.0e-21	101.3
Bacteria43_00114	gi|727406808|ref|WP_033814880.1|	34.3	204	119	5	58	651	20	214	6.5e-21	100.9
Bacteria43_00114	gi|693157898|ref|WP_032293923.1|	33.8	198	124	4	64	651	22	214	6.5e-21	100.9
Bacteria43_00114	gi|1255304898|ref|WP_097402440.1|	33.3	222	129	7	4	651	6	214	6.5e-21	100.9
Bacteria43_00114	gi|1252891383|ref|WP_096840480.1|	33.8	198	124	4	64	651	22	214	6.5e-21	100.9
Bacteria5_00255	gi|1083025537|gb|OGD27116.1|	82.1	340	61	0	25	1044	7	346	4.9e-150	530.4
Bacteria5_00255	gi|1083018374|gb|OGD20564.1|	80.6	340	66	0	25	1044	7	346	2.7e-148	524.6
Bacteria5_00255	gi|1083013944|gb|OGD16467.1|	79.9	339	68	0	25	1041	7	345	3.9e-147	520.8
Bacteria5_00255	gi|1083027852|gb|OGD29230.1|	80.2	339	67	0	25	1041	7	345	1.6e-145	515.4
Bacteria5_00255	gi|1085291194|gb|OGU68653.1|	77.6	339	76	0	25	1041	7	345	3.7e-142	504.2
Bacteria5_00255	gi|1248195492|ref|WP_096694904.1|	75.8	347	84	0	1	1041	1	347	8.3e-142	503.1
Bacteria5_00255	gi|1084704100|gb|OGP49921.1|	77.6	339	76	0	25	1041	8	346	1.1e-141	502.7
Bacteria5_00255	gi|1121313488|ref|WP_073624359.1|	74.9	347	87	0	1	1041	1	347	2.4e-141	501.5
Bacteria5_00255	gi|1189235526|ref|WP_085660481.1|	77.3	339	77	0	25	1041	3	341	2.7e-140	498.0
Bacteria5_00255	gi|1267783752|ref|WP_098527491.1|	74.7	340	86	0	25	1044	8	347	3.5e-140	497.7
Bacteria5_00255	gi|1121324437|ref|WP_073634363.1|	74.4	347	89	0	1	1041	1	347	3.5e-140	497.7
Bacteria5_00255	gi|736665704|ref|WP_034672594.1|	74.6	339	86	0	25	1041	8	346	4.6e-140	497.3
Bacteria5_00255	gi|228718431|gb|EEL70063.1|	72.8	345	94	0	10	1044	2	346	3.0e-139	494.6
Bacteria5_00255	gi|1207701014|ref|WP_088059336.1|	73.8	340	89	0	25	1044	3	342	3.9e-139	494.2
Bacteria5_00255	gi|755106520|ref|WP_042457296.1|	73.8	340	89	0	25	1044	8	347	5.1e-139	493.8
Bacteria5_00255	gi|488049163|ref|WP_002120560.1|	73.8	340	89	0	25	1044	3	342	5.1e-139	493.8
Bacteria5_00255	gi|647281662|ref|WP_025726891.1|	74.9	339	85	0	25	1041	8	346	6.6e-139	493.4
Bacteria5_00255	gi|1222626989|ref|WP_090675381.1|	73.5	340	90	0	25	1044	8	347	6.6e-139	493.4
Bacteria5_00255	gi|1054534366|ref|WP_066306999.1|	74.0	339	88	0	25	1041	8	346	1.1e-138	492.7
Bacteria5_00255	gi|518367327|ref|WP_019537534.1|	73.2	340	91	0	25	1044	8	347	1.5e-138	492.3
Bacteria5_00255	gi|780214066|ref|WP_045520970.1|	74.0	339	88	0	25	1041	8	346	2.5e-138	491.5
Bacteria5_00255	gi|1054427138|ref|WP_066253059.1|	74.3	339	87	0	25	1041	8	346	3.3e-138	491.1
Bacteria5_00255	gi|1167803608|ref|WP_080116906.1|	72.5	345	95	0	10	1044	2	346	3.3e-138	491.1
Bacteria5_00255	gi|1004350730|ref|WP_061527366.1|	72.6	339	93	0	25	1041	3	341	4.3e-138	490.7
Bacteria5_00255	gi|764611711|ref|WP_044430126.1|	72.6	339	93	0	25	1041	3	341	5.6e-138	490.3
Bacteria5_00644	gi|503740730|ref|WP_013974806.1|	25.4	134	86	3	1114	1485	457	586	6.3e-04	45.8
Bacteria8_00089	gi|1010919597|ref|WP_061904991.1|	28.1	221	125	8	4	579	17	232	1.2e-08	60.8
Bacteria8_00089	gi|545464053|ref|WP_021700666.1|	28.1	221	125	8	4	579	17	232	1.2e-08	60.8
Bacteria8_00089	gi|1183668517|ref|WP_084900534.1|	35.6	118	69	4	4	345	17	131	3.4e-08	59.3
Bacteria8_00089	gi|953979125|ref|WP_058064051.1|	34.7	118	70	4	4	345	17	131	5.9e-08	58.5
Bacteria8_00089	gi|489373539|ref|WP_003280302.1|	34.7	118	70	4	4	345	17	131	5.9e-08	58.5
Bacteria8_00089	gi|1093544433|ref|WP_070881693.1|	33.9	118	71	4	4	345	17	131	7.7e-08	58.2
Bacteria8_00089	gi|1224261641|ref|WP_092288156.1|	34.2	117	72	3	4	345	17	131	7.7e-08	58.2
Bacteria8_00089	gi|1134183966|ref|WP_076426301.1|	34.7	118	70	4	4	345	17	131	1.0e-07	57.8
Bacteria8_00089	gi|1134344782|ref|WP_076584302.1|	34.7	118	70	4	4	345	17	131	1.0e-07	57.8
Bacteria8_00089	gi|1057532591|ref|WP_068828568.1|	34.7	118	70	4	4	345	17	131	1.3e-07	57.4
Bacteria8_00089	gi|759592955|ref|WP_043311496.1|	34.7	118	70	4	4	345	17	131	1.3e-07	57.4
Bacteria8_00089	gi|489386211|ref|WP_003292825.1|	34.7	118	70	4	4	345	17	131	1.7e-07	57.0
Bacteria8_00089	gi|780824199|gb|KJS27593.1|	34.7	118	70	4	4	345	17	131	1.7e-07	57.0
Bacteria8_00089	gi|489394163|ref|WP_003300681.1|	34.7	118	70	4	4	345	17	131	1.7e-07	57.0
Bacteria8_00089	gi|505089259|ref|WP_015276361.1|	34.7	118	70	4	4	345	17	131	1.7e-07	57.0
Bacteria8_00089	gi|1024905397|ref|WP_063539761.1|	34.7	118	70	4	4	345	17	131	1.7e-07	57.0
Bacteria8_00089	gi|817652608|ref|WP_046618788.1|	34.7	118	70	4	4	345	17	131	1.7e-07	57.0
Bacteria8_00089	gi|1239474306|ref|WP_095460478.1|	34.7	118	70	4	4	345	17	131	1.7e-07	57.0
Bacteria8_00089	gi|500263027|ref|WP_011913911.1|	34.7	118	70	4	4	345	17	131	1.7e-07	57.0
Bacteria8_00089	gi|1088371216|gb|OHC14020.1|	34.7	118	70	4	4	345	17	131	1.7e-07	57.0
Bacteria8_00089	gi|1222172906|ref|WP_090228068.1|	34.2	117	72	3	4	345	17	131	2.2e-07	56.6
Bacteria8_00089	gi|782878564|ref|WP_045632330.1|	33.9	118	71	4	4	345	17	131	2.2e-07	56.6
Bacteria8_00089	gi|1224338896|ref|WP_092364278.1|	33.1	118	72	4	4	345	17	131	2.2e-07	56.6
Bacteria8_00089	gi|739158550|ref|WP_037022740.1|	33.9	118	71	4	4	345	17	131	2.2e-07	56.6
Bacteria8_00089	gi|1219343030|ref|WP_089358724.1|	33.9	118	71	4	4	345	17	131	2.2e-07	56.6
Bacteria9_00334	gi|1232603751|gb|OYY43322.1|	30.9	94	47	3	133	408	64	141	3.3e-06	51.6
Bacteria9_00334	gi|1178502997|ref|WP_083024147.1|	44.0	50	26	1	283	426	100	149	9.7e-06	50.1
Bacteria9_00334	gi|654320972|ref|WP_027829995.1|	40.4	52	29	1	286	435	98	149	2.8e-05	48.5
Bacteria9_00334	gi|738611396|ref|WP_036521752.1|	38.6	57	32	2	286	447	101	157	6.3e-05	47.4
Bacteria9_00334	gi|1110719625|ref|WP_071945432.1|	40.4	52	29	1	274	423	96	147	6.3e-05	47.4
Bacteria9_00334	gi|1270220313|gb|PHQ25230.1|	38.5	52	30	1	286	435	101	152	1.1e-04	46.6
Bacteria9_00334	gi|496223773|ref|WP_008937808.1|	38.5	52	30	1	286	435	101	152	1.1e-04	46.6
Bacteria9_00334	gi|749553251|ref|WP_040186121.1|	37.7	61	34	2	283	453	99	159	1.1e-04	46.6
Bacteria9_00334	gi|548437312|ref|WP_022524219.1|	37.7	61	34	2	283	453	99	159	1.1e-04	46.6
Bacteria9_00334	gi|1085234294|gb|OGU17268.1|	50.0	44	20	1	283	408	98	141	1.1e-04	46.6
Bacteria9_00334	gi|1094019598|ref|WP_071015674.1|	39.4	66	35	4	256	441	90	154	1.8e-04	45.8
Bacteria9_00334	gi|1094044102|ref|WP_071039123.1|	39.4	66	35	4	256	441	89	153	1.8e-04	45.8
Bacteria9_00334	gi|1032605111|ref|WP_064233681.1|	32.4	68	44	1	256	453	90	157	1.8e-04	45.8
Bacteria9_00334	gi|489384408|ref|WP_003291053.1|	37.7	53	31	1	286	438	100	152	2.4e-04	45.4
Bacteria9_00334	gi|1064190720|gb|ODU86948.1|	41.7	48	26	1	286	423	100	147	2.4e-04	45.4
Bacteria9_00334	gi|1135452000|gb|APY18928.1|	48.8	43	20	1	286	408	106	148	2.4e-04	45.4
Bacteria9_00334	gi|502872041|ref|WP_013107017.1|	48.8	43	20	1	286	408	106	148	2.4e-04	45.4
Bacteria9_00334	gi|495438833|ref|WP_008163528.1|	40.0	55	31	1	256	414	93	147	2.4e-04	45.4
Bacteria9_00334	gi|261291091|gb|ACX69822.1|	40.0	55	31	1	256	414	93	147	2.4e-04	45.4
Bacteria9_00334	gi|670458123|ref|WP_031406922.1|	48.8	43	20	1	286	408	106	148	2.4e-04	45.4
Bacteria9_00334	gi|1221028512|emb|SCC94791.1|	48.8	43	20	1	286	408	106	148	2.4e-04	45.4
Bacteria9_00334	gi|780387236|ref|WP_045579719.1|	44.7	47	24	1	274	408	91	137	2.4e-04	45.4
Bacteria9_00334	gi|501441460|ref|WP_012464909.1|	42.6	47	25	1	274	408	91	137	3.1e-04	45.1
Bacteria9_00334	gi|1152317310|ref|WP_078198918.1|	41.8	55	30	1	256	414	91	145	3.1e-04	45.1
Bacteria9_00334	gi|742888198|ref|WP_039016514.1|	41.8	55	30	1	256	414	91	145	3.1e-04	45.1
Bacteria9_00456	gi|486028897|ref|WP_001504639.1|	42.3	265	151	1	1	795	55	317	1.7e-55	216.1
Bacteria9_00456	gi|737927835|ref|WP_035892885.1|	42.3	265	151	1	1	795	55	317	1.7e-55	216.1
Bacteria9_00456	gi|1035701444|ref|WP_064543125.1|	42.3	265	151	1	1	795	55	317	1.7e-55	216.1
Bacteria9_00456	gi|510924238|ref|WP_016245023.1|	42.3	265	151	1	1	795	55	317	2.2e-55	215.7
Bacteria9_00456	gi|446003728|ref|WP_000081583.1|	42.3	265	151	1	1	795	55	317	2.9e-55	215.3
Bacteria9_00456	gi|698855537|gb|AIT99576.1|	42.3	265	151	1	1	795	55	317	2.9e-55	215.3
Bacteria9_00456	gi|745784255|ref|WP_039077679.1|	42.3	265	151	1	1	795	55	317	2.9e-55	215.3
Bacteria9_00456	gi|671539199|ref|WP_031522898.1|	42.3	265	151	1	1	795	55	317	2.9e-55	215.3
Bacteria9_00456	gi|1222064140|ref|WP_090121035.1|	42.3	265	151	1	1	795	55	317	2.9e-55	215.3
Bacteria9_00456	gi|1222413846|ref|WP_090465694.1|	42.3	265	151	1	1	795	55	317	2.9e-55	215.3
Bacteria9_00456	gi|489004494|ref|WP_002915106.1|	42.3	265	151	1	1	795	55	317	2.9e-55	215.3
Bacteria9_00456	gi|1222030731|ref|WP_090088213.1|	42.3	265	151	1	1	795	55	317	2.9e-55	215.3
Bacteria9_00456	gi|1031858025|ref|WP_064176442.1|	42.3	265	151	1	1	795	55	317	2.9e-55	215.3
Bacteria9_00456	gi|693073892|ref|WP_032237185.1|	41.9	265	152	1	1	795	55	317	3.7e-55	214.9
Bacteria9_00456	gi|487399249|ref|WP_001668777.1|	41.9	265	152	1	1	795	55	317	3.7e-55	214.9
Bacteria9_00456	gi|488373087|ref|WP_002442472.1|	42.3	265	151	1	1	795	55	317	3.7e-55	214.9
Bacteria9_00456	gi|1004037833|ref|WP_061493360.1|	42.3	265	151	1	1	795	55	317	3.7e-55	214.9
Bacteria9_00456	gi|930170437|ref|WP_054173862.1|	41.9	265	152	1	1	795	55	317	3.7e-55	214.9
Bacteria9_00456	gi|763321896|ref|WP_044180346.1|	42.3	265	151	1	1	795	55	317	3.7e-55	214.9
Bacteria9_00456	gi|1197961086|ref|WP_086873623.1|	42.3	265	151	1	1	795	55	317	3.7e-55	214.9
Bacteria9_00456	gi|639209805|ref|WP_024547976.1|	42.3	265	151	1	1	795	55	317	3.7e-55	214.9
Bacteria9_00456	gi|488365273|ref|WP_002434658.1|	42.3	265	151	1	1	795	55	317	3.7e-55	214.9
Bacteria9_00456	gi|647335008|ref|WP_025766186.1|	41.9	265	152	1	1	795	55	317	4.9e-55	214.5
Bacteria9_00456	gi|693125247|ref|WP_032272690.1|	41.9	265	152	1	1	795	55	317	4.9e-55	214.5
Bacteria9_00456	gi|1143188934|ref|WP_077127987.1|	41.9	265	152	1	1	795	55	317	4.9e-55	214.5
Beta1_01163	gi|504862504|ref|WP_015049606.1|	34.2	114	70	3	46	384	73	182	1.3e-08	59.7
Beta1_01163	gi|918715334|ref|WP_052580309.1|	32.7	113	71	3	49	384	77	185	2.4e-07	55.5
Beta1_01163	gi|696554409|ref|WP_033086600.1|	30.4	112	75	1	49	384	83	191	3.4e-06	51.6
Beta1_01163	gi|497923350|ref|WP_010237506.1|	29.5	112	74	3	52	384	75	182	4.9e-05	47.8
Beta1_01163	gi|490590161|ref|WP_004455181.1|	29.5	112	74	3	52	384	75	182	1.1e-04	46.6
Beta1_01163	gi|505426889|ref|WP_015613991.1|	29.5	112	74	3	52	384	75	182	1.1e-04	46.6
Delta1_00942	gi|947307808|gb|KRH88962.1|	33.8	240	157	2	4	720	3	241	1.5e-33	142.9
Delta1_00942	gi|844833877|ref|WP_047949677.1|	33.8	240	157	2	4	720	3	241	1.5e-33	142.9
Delta1_00942	gi|489783649|ref|WP_003687540.1|	33.8	240	157	2	4	720	3	241	1.5e-33	142.9
Delta1_00942	gi|912537006|ref|WP_050178920.1|	34.2	240	156	2	4	720	3	241	2.0e-33	142.5
Delta1_00942	gi|1245801583|ref|WP_096107344.1|	33.3	240	158	2	4	720	3	241	2.6e-33	142.1
Delta1_00942	gi|856831953|ref|WP_048339632.1|	33.3	240	158	2	4	720	3	241	2.6e-33	142.1
Delta1_00942	gi|488160957|ref|WP_002232165.1|	33.8	240	157	2	4	720	3	241	4.5e-33	141.4
Delta1_00942	gi|489788762|ref|WP_003692653.1|	33.3	240	158	2	4	720	3	241	4.5e-33	141.4
Delta1_00942	gi|256599663|pdb|3FVQ|A	33.3	240	158	2	4	720	3	241	4.5e-33	141.4
Delta1_00942	gi|503214678|ref|WP_013449339.1|	32.9	240	159	2	4	720	3	241	5.8e-33	141.0
Delta1_00942	gi|912546636|ref|WP_050184884.1|	33.5	242	159	2	4	726	3	243	5.8e-33	141.0
Delta1_00942	gi|673470559|gb|KFJ37186.1|	32.9	240	159	2	4	720	3	241	7.6e-33	140.6
Delta1_00942	gi|489809611|ref|WP_003713470.1|	35.2	230	144	3	43	720	13	241	7.6e-33	140.6
Delta1_00942	gi|488169165|ref|WP_002240373.1|	33.8	240	157	2	4	720	3	241	7.6e-33	140.6
Delta1_00942	gi|1245793049|ref|WP_096100841.1|	33.8	240	157	2	4	720	3	241	7.6e-33	140.6
Delta1_00942	gi|488170049|ref|WP_002241257.1|	32.9	240	159	2	4	720	3	241	1.0e-32	140.2
Delta1_00942	gi|1006077328|ref|WP_061726650.1|	33.8	240	157	2	4	720	3	241	1.0e-32	140.2
Delta1_00942	gi|915782284|ref|WP_050888295.1|	33.8	240	157	2	4	720	3	241	1.0e-32	140.2
Delta1_00942	gi|488184595|ref|WP_002255803.1|	33.8	240	157	2	4	720	3	241	1.0e-32	140.2
Delta1_00942	gi|504394073|ref|WP_014581175.1|	33.8	240	157	2	4	720	3	241	1.0e-32	140.2
Delta1_00942	gi|488143044|ref|WP_002214252.1|	33.8	240	157	2	4	720	3	241	1.0e-32	140.2
Delta1_00942	gi|488148432|ref|WP_002219640.1|	33.8	240	157	2	4	720	3	241	1.0e-32	140.2
Delta1_00942	gi|488167660|ref|WP_002238868.1|	33.8	240	157	2	4	720	3	241	1.0e-32	140.2
Delta1_00942	gi|915799567|ref|WP_050894143.1|	33.8	240	157	2	4	720	3	241	1.0e-32	140.2
Delta1_00942	gi|950351568|ref|WP_057329956.1|	33.8	240	157	2	4	720	3	241	1.0e-32	140.2
Gamma1_01627	gi|654320972|ref|WP_027829995.1|	27.8	108	67	3	181	477	44	149	1.2e-06	53.1
Gamma1_01627	gi|1232603751|gb|OYY43322.1|	30.9	94	47	4	175	450	64	141	3.6e-06	51.6
Gamma1_01627	gi|738611396|ref|WP_036521752.1|	43.9	57	29	2	328	489	101	157	6.2e-06	50.8
Gamma1_01627	gi|1085234294|gb|OGU17268.1|	34.1	85	39	3	202	450	72	141	1.1e-05	50.1
Gamma1_01627	gi|496223773|ref|WP_008937808.1|	28.0	150	83	5	97	477	5	152	1.4e-05	49.7
Gamma1_01627	gi|1270220313|gb|PHQ25230.1|	42.3	52	28	1	328	477	101	152	1.8e-05	49.3
Gamma1_01627	gi|1178502997|ref|WP_083024147.1|	37.3	59	35	1	298	468	91	149	1.8e-05	49.3
Gamma1_01627	gi|1032605111|ref|WP_064233681.1|	33.8	71	45	1	289	495	87	157	3.1e-05	48.5
Gamma1_01627	gi|1110719625|ref|WP_071945432.1|	29.6	71	48	1	289	495	87	157	8.9e-05	47.0
Gamma1_01627	gi|501441460|ref|WP_012464909.1|	37.5	56	33	1	289	450	82	137	8.9e-05	47.0
Gamma1_01627	gi|489384408|ref|WP_003291053.1|	33.3	66	42	1	289	480	87	152	1.2e-04	46.6
Gamma1_01627	gi|737906040|ref|WP_035872288.1|	35.2	71	43	2	289	492	87	157	1.2e-04	46.6
Gamma1_01627	gi|780387236|ref|WP_045579719.1|	35.7	56	34	1	289	450	82	137	1.2e-04	46.6
Gamma1_01627	gi|1152317310|ref|WP_078198918.1|	41.4	58	32	1	289	456	88	145	1.5e-04	46.2
Gamma1_01627	gi|742888198|ref|WP_039016514.1|	41.4	58	32	1	289	456	88	145	1.5e-04	46.2
Gamma1_01627	gi|489900636|ref|WP_003804073.1|	42.2	45	24	1	328	456	102	146	2.0e-04	45.8
Gamma1_01627	gi|1064114384|gb|ODU14315.1|	43.8	48	25	1	328	465	100	147	2.0e-04	45.8
Gamma1_01627	gi|1064190720|gb|ODU86948.1|	43.8	48	25	1	328	465	100	147	2.0e-04	45.8
Gamma1_01627	gi|749553251|ref|WP_040186121.1|	36.2	58	35	1	289	456	87	144	2.0e-04	45.8
Gamma1_01627	gi|548437312|ref|WP_022524219.1|	36.2	58	35	1	289	456	87	144	2.0e-04	45.8
Gamma1_01627	gi|344174820|emb|CCA86642.1|	34.3	70	43	2	289	489	86	155	2.6e-04	45.4
Gamma1_01627	gi|494173446|ref|WP_007113173.1|	33.9	62	39	1	298	477	90	151	2.6e-04	45.4
Gamma1_01627	gi|194595536|gb|ACF77047.1|	37.9	58	34	1	289	456	91	148	2.6e-04	45.4
Gamma1_01627	gi|982188071|ref|WP_060349423.1|	37.5	56	33	1	289	450	85	140	2.6e-04	45.4
Gamma1_01627	gi|1232808819|gb|OZA27059.1|	43.8	48	25	1	328	465	99	146	4.4e-04	44.7
Gamma1_02611	gi|1221339270|ref|WP_089577634.1|	42.9	268	151	1	1	804	55	320	1.2e-56	219.9
Gamma1_02611	gi|745784255|ref|WP_039077679.1|	43.3	268	150	1	1	804	55	320	1.2e-56	219.9
Gamma1_02611	gi|817605162|ref|WP_046598332.1|	42.9	268	151	1	1	804	55	320	1.2e-56	219.9
Gamma1_02611	gi|1222413846|ref|WP_090465694.1|	43.3	268	150	1	1	804	55	320	1.2e-56	219.9
Gamma1_02611	gi|1222030731|ref|WP_090088213.1|	43.3	268	150	1	1	804	55	320	1.2e-56	219.9
Gamma1_02611	gi|1222064140|ref|WP_090121035.1|	43.3	268	150	1	1	804	55	320	1.6e-56	219.5
Gamma1_02611	gi|763321896|ref|WP_044180346.1|	43.3	268	150	1	1	804	55	320	1.6e-56	219.5
Gamma1_02611	gi|639209805|ref|WP_024547976.1|	43.3	268	150	1	1	804	55	320	1.6e-56	219.5
Gamma1_02611	gi|486028897|ref|WP_001504639.1|	42.9	268	151	1	1	804	55	320	2.0e-56	219.2
Gamma1_02611	gi|1267058844|ref|WP_098027475.1|	41.2	294	170	2	1	882	67	357	3.5e-56	218.4
Gamma1_02611	gi|446003728|ref|WP_000081583.1|	42.9	268	151	1	1	804	55	320	3.5e-56	218.4
Gamma1_02611	gi|1124148292|ref|WP_074466478.1|	42.5	268	152	1	1	804	55	320	3.5e-56	218.4
Gamma1_02611	gi|698855537|gb|AIT99576.1|	42.9	268	151	1	1	804	55	320	3.5e-56	218.4
Gamma1_02611	gi|671539199|ref|WP_031522898.1|	42.9	268	151	1	1	804	55	320	3.5e-56	218.4
Gamma1_02611	gi|1167789961|ref|WP_080108713.1|	42.9	268	151	1	1	804	55	320	3.5e-56	218.4
Gamma1_02611	gi|489004494|ref|WP_002915106.1|	42.9	268	151	1	1	804	55	320	3.5e-56	218.4
Gamma1_02611	gi|1031858025|ref|WP_064176442.1|	42.9	268	151	1	1	804	55	320	3.5e-56	218.4
Gamma1_02611	gi|1143188934|ref|WP_077127987.1|	42.5	268	152	1	1	804	55	320	4.5e-56	218.0
Gamma1_02611	gi|487399249|ref|WP_001668777.1|	42.5	268	152	1	1	804	55	320	4.5e-56	218.0
Gamma1_02611	gi|488373087|ref|WP_002442472.1|	42.9	268	151	1	1	804	55	320	4.5e-56	218.0
Gamma1_02611	gi|1004037833|ref|WP_061493360.1|	42.9	268	151	1	1	804	55	320	4.5e-56	218.0
Gamma1_02611	gi|835194169|ref|WP_047389401.1|	42.9	268	151	1	1	804	55	320	4.5e-56	218.0
Gamma1_02611	gi|1197961086|ref|WP_086873623.1|	42.9	268	151	1	1	804	55	320	4.5e-56	218.0
Gamma1_02611	gi|488365273|ref|WP_002434658.1|	42.9	268	151	1	1	804	55	320	4.5e-56	218.0
Gamma1_02611	gi|647335008|ref|WP_025766186.1|	42.5	268	152	1	1	804	55	320	5.9e-56	217.6
Gamma1_03461	gi|504546184|ref|WP_014733286.1|	33.2	220	134	4	1	654	1	209	6.0e-27	120.9
Gamma1_03461	gi|498164492|ref|WP_010478648.1|	32.7	220	135	4	1	654	1	209	3.9e-26	118.2
Gamma1_03461	gi|1214743586|ref|WP_088855187.1|	32.7	220	135	4	1	654	1	209	8.7e-26	117.1
Gamma1_03461	gi|504602243|ref|WP_014789345.1|	31.4	226	142	4	1	672	1	215	1.1e-25	116.7
Gamma1_03461	gi|1198920897|ref|WP_087035828.1|	32.7	220	135	4	1	654	1	209	1.5e-25	116.3
Gamma1_03461	gi|1214746456|ref|WP_088858056.1|	33.7	205	124	3	1	612	1	194	1.5e-25	116.3
Gamma1_03461	gi|74503010|sp|Q5JEB0.1|WTPC_THEKO	32.7	223	137	4	10	672	5	216	1.5e-25	116.3
Gamma1_03461	gi|490169561|ref|WP_004068202.1|	32.7	220	135	4	1	654	1	209	2.5e-25	115.5
Gamma1_03461	gi|1214773941|ref|WP_088885099.1|	32.7	220	135	4	1	654	1	209	2.5e-25	115.5
Gamma1_03461	gi|503779515|ref|WP_014013509.1|	32.7	220	135	4	1	654	1	209	3.3e-25	115.2
Gamma1_03461	gi|1011493482|ref|WP_062388159.1|	32.7	205	126	3	1	612	1	194	3.3e-25	115.2
Gamma1_03461	gi|503513688|ref|WP_013748163.1|	32.2	205	127	3	1	612	1	194	3.3e-25	115.2
Gamma1_03461	gi|499186728|ref|WP_010884268.1|	34.1	205	123	3	1	612	1	194	5.6e-25	114.4
Gamma1_03461	gi|1057202114|ref|WP_068575893.1|	33.6	214	134	3	19	654	2	209	7.3e-25	114.0
Gamma1_03461	gi|1057302910|ref|WP_068664297.1|	30.9	220	139	4	1	654	1	209	7.3e-25	114.0
Gamma1_03461	gi|1208916308|ref|WP_088180852.1|	31.4	220	138	4	1	654	1	209	9.6e-25	113.6
Gamma1_03461	gi|1056908458|ref|WP_068322531.1|	33.6	214	134	3	19	654	2	209	1.6e-24	112.8
Gamma1_03461	gi|971869878|ref|WP_058938765.1|	31.4	220	138	4	1	654	1	209	1.6e-24	112.8
Gamma1_03461	gi|851284341|ref|WP_048148096.1|	32.7	217	133	4	10	654	5	210	1.6e-24	112.8
Gamma1_03461	gi|757144727|ref|WP_042698951.1|	31.4	220	138	4	1	654	1	209	2.8e-24	112.1
Gamma1_03461	gi|1214755499|ref|WP_088866803.1|	31.4	220	138	4	1	654	1	209	2.8e-24	112.1
Gamma1_03461	gi|1214753746|ref|WP_088865051.1|	32.3	220	136	4	1	654	1	209	2.8e-24	112.1
Gamma1_03461	gi|499320702|ref|WP_011011194.1|	32.3	220	136	4	1	654	1	209	4.8e-24	111.3
Gamma1_03461	gi|499169002|ref|WP_010867278.1|	33.2	205	125	3	1	612	1	194	4.8e-24	111.3
Gamma1_03461	gi|1214752295|ref|WP_088863601.1|	30.5	220	140	4	1	654	1	209	6.2e-24	110.9
Gamma1_03561	gi|927315737|ref|WP_053809895.1|	42.2	232	132	2	100	795	22	251	1.0e-41	170.6
Gamma1_03561	gi|959988707|gb|ALR76446.1|	41.1	253	142	4	37	786	12	260	1.3e-41	170.2
Gamma1_03561	gi|1239602288|gb|PAT26463.1|	42.2	232	132	2	100	795	22	251	1.3e-41	170.2
Gamma1_03561	gi|852147499|ref|WP_048295691.1|	42.2	232	132	2	100	795	22	251	1.3e-41	170.2
Gamma1_03561	gi|490306992|ref|WP_004202065.1|	42.2	232	132	2	100	795	22	251	1.3e-41	170.2
Gamma1_03561	gi|694114787|ref|WP_032456702.1|	42.2	232	132	2	100	795	22	251	1.3e-41	170.2
Gamma1_03561	gi|1039431217|ref|WP_064794990.1|	41.8	232	133	2	100	795	22	251	1.8e-41	169.9
Gamma1_03561	gi|1231364264|ref|WP_094309725.1|	42.2	232	132	2	100	795	22	251	1.8e-41	169.9
Gamma1_03561	gi|1031872366|ref|WP_064187414.1|	42.2	232	132	2	100	795	22	251	1.8e-41	169.9
Gamma1_03561	gi|1068620870|ref|WP_069603508.1|	42.2	232	132	2	100	795	22	251	1.8e-41	169.9
Gamma1_03561	gi|1016069981|ref|WP_062914629.1|	42.2	232	132	2	100	795	22	251	2.3e-41	169.5
Gamma1_03561	gi|1172663204|ref|WP_080936126.1|	42.2	232	132	2	100	795	22	251	2.3e-41	169.5
Gamma1_03561	gi|950163209|ref|WP_057212758.1|	41.8	232	133	2	100	795	22	251	2.3e-41	169.5
Gamma1_03561	gi|852261980|ref|WP_048325960.1|	41.8	232	133	2	100	795	22	251	2.3e-41	169.5
Gamma1_03561	gi|759826672|ref|WP_043522542.1|	42.2	232	132	2	100	795	22	251	2.3e-41	169.5
Gamma1_03561	gi|895904138|ref|WP_049004430.1|	42.2	232	132	2	100	795	22	251	2.3e-41	169.5
Gamma1_03561	gi|556467523|ref|WP_023319282.1|	42.2	232	132	2	100	795	22	251	3.0e-41	169.1
Gamma1_03561	gi|1205057582|ref|WP_087771804.1|	41.8	232	133	2	100	795	22	251	3.0e-41	169.1
Gamma1_03561	gi|1031823526|ref|WP_064151016.1|	41.6	233	134	2	100	798	22	252	3.0e-41	169.1
Gamma1_03561	gi|1031860515|ref|WP_064178578.1|	42.2	232	132	2	100	795	22	251	3.0e-41	169.1
Gamma1_03561	gi|652427457|ref|WP_026822793.1|	37.8	233	141	2	97	786	21	252	3.0e-41	169.1
Gamma1_03561	gi|1031867072|ref|WP_064183540.1|	41.8	232	133	2	100	795	22	251	3.9e-41	168.7
Gamma1_03561	gi|749602828|ref|WP_040226714.1|	42.2	232	132	2	100	795	22	251	5.1e-41	168.3
Gamma1_03561	gi|742285444|ref|WP_038807732.1|	42.2	232	132	2	100	795	22	251	5.1e-41	168.3
Gamma1_03561	gi|974587789|ref|WP_059178084.1|	39.3	247	146	2	55	786	7	252	8.7e-41	167.5
Gamma1_03766	gi|947307808|gb|KRH88962.1|	35.7	238	151	2	4	714	5	241	4.7e-35	147.9
Gamma1_03766	gi|912537006|ref|WP_050178920.1|	36.1	238	150	2	4	714	5	241	4.7e-35	147.9
Gamma1_03766	gi|844833877|ref|WP_047949677.1|	35.7	238	151	2	4	714	5	241	4.7e-35	147.9
Gamma1_03766	gi|489783649|ref|WP_003687540.1|	35.7	238	151	2	4	714	5	241	4.7e-35	147.9
Gamma1_03766	gi|856831953|ref|WP_048339632.1|	35.3	238	152	2	4	714	5	241	8.1e-35	147.1
Gamma1_03766	gi|1245801583|ref|WP_096107344.1|	34.9	238	153	2	4	714	5	241	1.1e-34	146.7
Gamma1_03766	gi|488160957|ref|WP_002232165.1|	35.7	238	151	2	4	714	5	241	1.1e-34	146.7
Gamma1_03766	gi|673470559|gb|KFJ37186.1|	34.9	238	153	2	4	714	5	241	1.4e-34	146.4
Gamma1_03766	gi|489809611|ref|WP_003713470.1|	34.9	238	153	2	4	714	5	241	1.4e-34	146.4
Gamma1_03766	gi|489788762|ref|WP_003692653.1|	35.3	238	152	2	4	714	5	241	1.4e-34	146.4
Gamma1_03766	gi|256599663|pdb|3FVQ|A	35.3	238	152	2	4	714	5	241	1.4e-34	146.4
Gamma1_03766	gi|912546636|ref|WP_050184884.1|	35.4	240	153	2	4	720	5	243	1.8e-34	146.0
Gamma1_03766	gi|488169165|ref|WP_002240373.1|	35.7	238	151	2	4	714	5	241	1.8e-34	146.0
Gamma1_03766	gi|1245793049|ref|WP_096100841.1|	35.7	238	151	2	4	714	5	241	1.8e-34	146.0
Gamma1_03766	gi|503214678|ref|WP_013449339.1|	35.2	236	151	2	10	714	7	241	2.4e-34	145.6
Gamma1_03766	gi|489776070|ref|WP_003679964.1|	34.5	238	154	2	4	714	5	241	2.4e-34	145.6
Gamma1_03766	gi|518101574|ref|WP_019271782.1|	34.5	238	154	2	4	714	5	241	2.4e-34	145.6
Gamma1_03766	gi|1006077328|ref|WP_061726650.1|	35.7	238	151	2	4	714	5	241	2.4e-34	145.6
Gamma1_03766	gi|915782284|ref|WP_050888295.1|	35.7	238	151	2	4	714	5	241	2.4e-34	145.6
Gamma1_03766	gi|488184595|ref|WP_002255803.1|	35.7	238	151	2	4	714	5	241	2.4e-34	145.6
Gamma1_03766	gi|504394073|ref|WP_014581175.1|	35.7	238	151	2	4	714	5	241	2.4e-34	145.6
Gamma1_03766	gi|488143044|ref|WP_002214252.1|	35.7	238	151	2	4	714	5	241	2.4e-34	145.6
Gamma1_03766	gi|488148432|ref|WP_002219640.1|	35.7	238	151	2	4	714	5	241	2.4e-34	145.6
Gamma1_03766	gi|488167660|ref|WP_002238868.1|	35.7	238	151	2	4	714	5	241	2.4e-34	145.6
Gamma1_03766	gi|915799567|ref|WP_050894143.1|	35.7	238	151	2	4	714	5	241	2.4e-34	145.6
Parcubacteria2_00402	gi|494498678|ref|WP_007288144.1|	25.2	333	218	9	1	936	1	323	6.0e-20	98.2
Parcubacteria2_00402	gi|953347017|ref|WP_057997863.1|	26.1	341	217	12	1	954	1	329	7.8e-20	97.8
Parcubacteria2_00402	gi|647285286|ref|WP_025730448.1|	24.9	334	218	10	1	936	1	323	8.6e-19	94.4
Parcubacteria2_00402	gi|1225689436|ref|WP_093691360.1|	25.2	333	218	9	1	936	1	323	1.1e-18	94.0
Parcubacteria2_00402	gi|496185111|ref|WP_008909618.1|	27.6	341	199	14	1	936	1	322	1.5e-18	93.6
Parcubacteria2_00402	gi|524384589|emb|CDB35263.1|	27.2	335	210	12	1	936	1	324	2.5e-18	92.8
Parcubacteria2_00402	gi|736402874|ref|WP_034426296.1|	28.0	329	199	15	1	921	1	313	2.5e-18	92.8
Parcubacteria2_00402	gi|505207617|ref|WP_015394719.1|	27.2	316	196	10	1	882	1	304	3.3e-18	92.4
Parcubacteria2_00402	gi|517492981|ref|WP_018663558.1|	27.0	344	197	13	1	936	1	322	4.3e-18	92.0
Parcubacteria2_00402	gi|739430182|ref|WP_037290241.1|	27.1	336	205	14	1	933	1	321	4.3e-18	92.0
Parcubacteria2_00402	gi|1062672997|ref|WP_069329208.1|	26.0	335	212	13	1	936	1	322	5.6e-18	91.7
Parcubacteria2_00402	gi|1057336373|ref|WP_068697031.1|	27.9	337	203	14	1	936	1	322	7.3e-18	91.3
Parcubacteria2_00402	gi|1223613648|ref|WP_091649587.1|	27.2	335	209	12	1	936	1	323	1.2e-17	90.5
Parcubacteria2_00402	gi|1154780746|ref|WP_078696913.1|	28.1	338	201	14	1	936	1	322	1.2e-17	90.5
Parcubacteria2_00402	gi|1223118264|ref|WP_091158839.1|	29.2	318	186	13	1	882	1	303	1.6e-17	90.1
Parcubacteria2_00402	gi|1149922380|ref|WP_077852324.1|	24.9	333	219	9	1	936	1	323	1.6e-17	90.1
Parcubacteria2_00402	gi|1149897600|ref|WP_077832161.1|	24.9	333	219	9	1	936	1	323	1.6e-17	90.1
Parcubacteria2_00402	gi|494129911|ref|WP_007069678.1|	26.3	315	201	8	1	882	1	305	2.1e-17	89.7
Parcubacteria2_00402	gi|524184934|emb|CCZ54708.1|	26.3	315	201	8	1	882	1	305	2.1e-17	89.7
Parcubacteria2_00402	gi|1227539579|ref|WP_094093850.1|	27.3	337	205	14	1	936	1	322	2.1e-17	89.7
Parcubacteria2_00402	gi|843085138|ref|WP_047913278.1|	27.4	347	212	14	1	966	1	332	2.8e-17	89.4
Parcubacteria2_00402	gi|1133940954|ref|WP_076313448.1|	27.4	347	212	14	1	966	1	332	2.8e-17	89.4
Parcubacteria2_00402	gi|1148620191|ref|WP_077365773.1|	26.6	316	198	10	1	882	1	304	2.8e-17	89.4
Parcubacteria2_00402	gi|727676938|ref|WP_033826951.1|	24.9	342	220	12	1	954	1	329	3.6e-17	89.0
Parcubacteria2_00402	gi|1210299921|ref|WP_088489211.1|	26.5	343	212	14	1	954	1	328	3.6e-17	89.0
Parcubacteria4_00525	gi|522211967|ref|WP_020719086.1|	26.9	156	103	5	49	516	76	220	4.3e-04	44.7
Parcubacteria6_00036	gi|504602243|ref|WP_014789345.1|	32.3	223	138	4	1	666	1	211	2.8e-29	128.6
Parcubacteria6_00036	gi|1057302910|ref|WP_068664297.1|	31.4	223	140	4	1	666	1	211	5.8e-27	120.9
Parcubacteria6_00036	gi|1208916308|ref|WP_088180852.1|	31.7	224	138	5	1	666	1	211	3.8e-26	118.2
Parcubacteria6_00036	gi|1214743586|ref|WP_088855187.1|	30.0	223	143	4	1	666	1	211	3.8e-26	118.2
Parcubacteria6_00036	gi|971869878|ref|WP_058938765.1|	31.2	224	139	5	1	666	1	211	4.9e-26	117.9
Parcubacteria6_00036	gi|503513688|ref|WP_013748163.1|	31.4	223	140	4	1	666	1	211	8.4e-26	117.1
Parcubacteria6_00036	gi|1214755499|ref|WP_088866803.1|	31.2	224	139	5	1	666	1	211	1.9e-25	115.9
Parcubacteria6_00036	gi|499186728|ref|WP_010884268.1|	30.9	223	141	4	1	666	1	211	3.2e-25	115.2
Parcubacteria6_00036	gi|1214743229|ref|WP_088854831.1|	29.1	223	145	4	1	666	1	211	9.3e-25	113.6
Parcubacteria6_00036	gi|1172791718|ref|WP_080950192.1|	30.9	223	146	4	1	666	6	221	2.1e-24	112.5
Parcubacteria6_00036	gi|1172786694|ref|WP_080948144.1|	30.9	223	146	4	1	666	6	221	4.6e-24	111.3
Parcubacteria6_00036	gi|757125646|ref|WP_042680006.1|	30.1	226	145	5	1	675	1	214	4.6e-24	111.3
Parcubacteria6_00036	gi|851284341|ref|WP_048148096.1|	30.0	203	134	3	61	666	17	212	4.6e-24	111.3
Parcubacteria6_00036	gi|1172792326|ref|WP_080950787.1|	30.9	223	146	4	1	666	6	221	6.0e-24	110.9
Parcubacteria6_00036	gi|1180298401|ref|WP_083817204.1|	30.9	223	146	4	1	666	6	221	7.8e-24	110.5
Parcubacteria6_00036	gi|385692784|gb|EIG23454.1|	33.2	226	137	6	1	666	5	220	7.8e-24	110.5
Parcubacteria6_00036	gi|386902660|gb|EIJ67495.1|	32.7	226	138	6	1	666	5	220	7.8e-24	110.5
Parcubacteria6_00036	gi|1247727776|emb|SNY70873.1|	35.4	206	128	4	61	666	28	232	1.0e-23	110.2
Parcubacteria6_00036	gi|1173527116|ref|WP_081277695.1|	30.5	223	147	4	1	666	6	221	1.0e-23	110.2
Parcubacteria6_00036	gi|1170993987|ref|WP_080563577.1|	30.5	223	147	4	1	666	6	221	1.0e-23	110.2
Parcubacteria6_00036	gi|1173528112|ref|WP_081278337.1|	30.5	223	147	4	1	666	6	221	1.0e-23	110.2
Parcubacteria6_00036	gi|1057202114|ref|WP_068575893.1|	28.7	223	146	4	1	666	1	211	1.0e-23	110.2
Parcubacteria6_00036	gi|1056908458|ref|WP_068322531.1|	28.7	223	146	4	1	666	1	211	1.0e-23	110.2
Parcubacteria6_00036	gi|1130330124|ref|WP_075564392.1|	30.5	223	147	4	1	666	6	221	1.3e-23	109.8
Parcubacteria6_00036	gi|1178555372|ref|WP_083071922.1|	30.5	223	147	4	1	666	6	221	1.3e-23	109.8
Parcubacteria6_00041	gi|1221435534|ref|WP_089609682.1|	30.6	235	146	4	16	696	3	228	1.2e-28	126.7
Parcubacteria6_00041	gi|974236732|gb|KUO76412.1|	32.4	213	142	2	13	648	4	215	2.1e-28	125.9
Parcubacteria6_00041	gi|1101212543|gb|OIP61930.1|	31.6	212	143	2	16	648	5	215	2.8e-28	125.6
Parcubacteria6_00041	gi|503831122|ref|WP_014065116.1|	33.8	225	142	5	13	672	4	226	2.6e-26	119.0
Parcubacteria6_00041	gi|501009381|ref|WP_012062283.1|	29.4	221	152	2	10	672	1	217	5.7e-26	117.9
Parcubacteria6_00041	gi|896444606|ref|WP_049374385.1|	33.8	225	142	5	13	672	4	226	7.5e-26	117.5
Parcubacteria6_00041	gi|1092794279|ref|WP_070714261.1|	33.8	225	142	5	13	672	4	226	7.5e-26	117.5
Parcubacteria6_00041	gi|935490100|ref|WP_054418011.1|	33.8	225	142	5	13	672	4	226	7.5e-26	117.5
Parcubacteria6_00041	gi|896438345|ref|WP_049370160.1|	33.8	225	142	5	13	672	4	226	7.5e-26	117.5
Parcubacteria6_00041	gi|1132254313|ref|WP_075915551.1|	33.8	225	142	5	13	672	4	226	7.5e-26	117.5
Parcubacteria6_00041	gi|1042183445|ref|WP_065244357.1|	33.8	225	142	5	13	672	4	226	7.5e-26	117.5
Parcubacteria6_00041	gi|491973526|ref|WP_005699910.1|	33.8	225	142	5	13	672	4	226	7.5e-26	117.5
Parcubacteria6_00041	gi|494789941|ref|WP_007525349.1|	33.9	230	135	6	13	672	4	226	7.5e-26	117.5
Parcubacteria6_00041	gi|896421401|ref|WP_049355932.1|	33.8	225	142	5	13	672	4	226	9.8e-26	117.1
Parcubacteria6_00041	gi|1042711614|ref|WP_065285925.1|	32.3	229	140	4	13	672	4	226	9.8e-26	117.1
Parcubacteria6_00041	gi|896428386|ref|WP_049362150.1|	33.2	226	144	5	10	672	3	226	1.3e-25	116.7
Parcubacteria6_00041	gi|1093477899|ref|WP_070853000.1|	32.3	229	140	4	13	672	4	226	1.3e-25	116.7
Parcubacteria6_00041	gi|491967656|ref|WP_005697201.1|	32.3	229	140	4	13	672	4	226	1.3e-25	116.7
Parcubacteria6_00041	gi|896433941|ref|WP_049366857.1|	32.3	229	140	4	13	672	4	226	1.3e-25	116.7
Parcubacteria6_00041	gi|896453237|ref|WP_049381473.1|	33.8	225	142	5	13	672	4	226	1.7e-25	116.3
Parcubacteria6_00041	gi|1132198765|ref|WP_075874932.1|	33.8	225	142	5	13	672	4	226	1.7e-25	116.3
Parcubacteria6_00041	gi|1093526390|ref|WP_070868885.1|	33.5	230	136	6	13	672	4	226	1.7e-25	116.3
Parcubacteria6_00041	gi|800894938|gb|AKA47729.1|	33.9	230	135	6	13	672	11	233	2.2e-25	115.9
Parcubacteria6_00041	gi|144985452|gb|EDJ92273.1|	33.9	230	135	6	13	672	11	233	2.2e-25	115.9
Parcubacteria6_00041	gi|900991480|gb|KMZ22351.1|	33.9	230	135	6	13	672	11	233	2.2e-25	115.9
Parcubacteria6_00331	gi|655444814|ref|WP_028829203.1|	35.5	228	133	7	1	669	1	219	1.5e-28	126.3
Parcubacteria6_00331	gi|498164492|ref|WP_010478648.1|	31.4	223	137	5	7	669	1	209	1.8e-26	119.4
Parcubacteria6_00331	gi|503513688|ref|WP_013748163.1|	33.0	203	121	4	7	612	1	189	2.3e-26	119.0
Parcubacteria6_00331	gi|504602243|ref|WP_014789345.1|	31.5	222	138	4	7	669	1	209	5.2e-26	117.9
Parcubacteria6_00331	gi|1214752295|ref|WP_088863601.1|	34.0	203	123	4	67	669	16	209	8.9e-26	117.1
Parcubacteria6_00331	gi|939324684|ref|WP_054871512.1|	33.9	221	130	6	10	669	3	208	1.5e-25	116.3
Parcubacteria6_00331	gi|506339331|ref|WP_015859050.1|	33.2	202	126	3	67	669	16	209	2.0e-25	115.9
Parcubacteria6_00331	gi|1214773941|ref|WP_088885099.1|	30.9	223	138	5	7	669	1	209	2.0e-25	115.9
Parcubacteria6_00331	gi|1214743586|ref|WP_088855187.1|	32.4	222	136	4	7	669	1	209	2.0e-25	115.9
Parcubacteria6_00331	gi|1011473865|ref|WP_062369909.1|	34.7	170	105	1	67	576	16	179	2.6e-25	115.5
Parcubacteria6_00331	gi|503779515|ref|WP_014013509.1|	32.4	225	132	6	7	669	1	209	4.4e-25	114.8
Parcubacteria6_00331	gi|1069261553|ref|WP_069650918.1|	33.9	221	130	6	10	669	3	208	4.4e-25	114.8
Parcubacteria6_00331	gi|503887982|ref|WP_014121976.1|	32.2	202	128	3	67	669	16	209	5.8e-25	114.4
Parcubacteria6_00331	gi|1057302910|ref|WP_068664297.1|	31.5	222	138	4	7	669	1	209	5.8e-25	114.4
Parcubacteria6_00331	gi|971869878|ref|WP_058938765.1|	32.0	228	129	6	7	669	1	209	5.8e-25	114.4
Parcubacteria6_00331	gi|1011493482|ref|WP_062388159.1|	31.8	223	136	5	7	669	1	209	5.8e-25	114.4
Parcubacteria6_00331	gi|504546184|ref|WP_014733286.1|	30.2	242	152	5	7	720	1	229	7.5e-25	114.0
Parcubacteria6_00331	gi|499186728|ref|WP_010884268.1|	31.7	202	125	3	7	612	1	189	7.5e-25	114.0
Parcubacteria6_00331	gi|1198920897|ref|WP_087035828.1|	31.8	223	136	5	7	669	1	209	7.5e-25	114.0
Parcubacteria6_00331	gi|1208916308|ref|WP_088180852.1|	31.7	224	135	5	7	669	1	209	7.5e-25	114.0
Parcubacteria6_00331	gi|502331982|ref|WP_012766192.1|	31.1	222	139	4	7	669	1	209	9.8e-25	113.6
Parcubacteria6_00331	gi|1214770719|ref|WP_088881948.1|	32.2	202	128	3	67	669	16	209	9.8e-25	113.6
Parcubacteria6_00331	gi|1214743229|ref|WP_088854831.1|	30.6	222	140	4	7	669	1	209	1.3e-24	113.2
Parcubacteria6_00331	gi|1214746456|ref|WP_088858056.1|	30.6	222	140	4	7	669	1	209	1.7e-24	112.8
Parcubacteria6_00331	gi|499169002|ref|WP_010867278.1|	32.7	202	123	3	7	612	1	189	1.7e-24	112.8
Parcubacteria6_00719	gi|1183668517|ref|WP_084900534.1|	28.6	220	125	7	4	579	17	232	3.1e-09	62.8
Parcubacteria6_00719	gi|1010919597|ref|WP_061904991.1|	26.7	251	149	8	4	663	17	263	3.1e-09	62.8
Parcubacteria6_00719	gi|545464053|ref|WP_021700666.1|	26.7	251	149	8	4	663	17	263	3.1e-09	62.8
Parcubacteria6_00719	gi|1222208029|ref|WP_090262804.1|	26.7	251	149	8	4	663	18	264	5.3e-09	62.0
Parcubacteria6_00719	gi|497302720|ref|WP_009616937.1|	26.7	251	149	8	4	663	20	266	5.3e-09	62.0
Parcubacteria6_00719	gi|1180836906|ref|WP_084309876.1|	25.9	251	151	8	4	663	18	264	6.9e-09	61.6
Parcubacteria6_00719	gi|1093544433|ref|WP_070881693.1|	28.2	220	126	7	4	579	17	232	6.9e-09	61.6
Parcubacteria6_00719	gi|953987161|ref|WP_058072037.1|	26.7	251	149	8	4	663	20	266	6.9e-09	61.6
Parcubacteria6_00719	gi|1219378871|ref|WP_089394038.1|	26.7	251	149	8	4	663	20	266	6.9e-09	61.6
Parcubacteria6_00719	gi|1071438714|ref|WP_069863734.1|	26.7	251	149	8	4	663	20	266	6.9e-09	61.6
Parcubacteria6_00719	gi|953979125|ref|WP_058064051.1|	28.2	220	126	7	4	579	17	232	9.0e-09	61.2
Parcubacteria6_00719	gi|730296755|ref|WP_033975769.1|	25.9	251	151	8	4	663	18	264	1.2e-08	60.8
Parcubacteria6_00719	gi|489373539|ref|WP_003280302.1|	28.2	220	126	7	4	579	17	232	1.2e-08	60.8
Parcubacteria6_00719	gi|1134344782|ref|WP_076584302.1|	28.2	220	126	7	4	579	17	232	1.2e-08	60.8
Parcubacteria6_00719	gi|516563546|ref|WP_017938732.1|	27.9	226	131	7	4	597	17	238	1.2e-08	60.8
Parcubacteria6_00719	gi|1239474306|ref|WP_095460478.1|	28.2	220	126	7	4	579	17	232	1.5e-08	60.5
Parcubacteria6_00719	gi|500263027|ref|WP_011913911.1|	28.2	220	126	7	4	579	17	232	1.5e-08	60.5
Parcubacteria6_00719	gi|489386211|ref|WP_003292825.1|	27.9	251	146	8	4	663	17	263	2.0e-08	60.1
Parcubacteria6_00719	gi|782878564|ref|WP_045632330.1|	27.7	220	127	7	4	579	17	232	2.0e-08	60.1
Parcubacteria6_00719	gi|1134183966|ref|WP_076426301.1|	26.3	251	150	8	4	663	17	263	2.0e-08	60.1
Parcubacteria6_00719	gi|1224338896|ref|WP_092364278.1|	27.7	220	127	7	4	579	17	232	2.0e-08	60.1
Parcubacteria6_00719	gi|1226755949|ref|WP_093986670.1|	26.8	220	129	7	4	579	17	232	2.0e-08	60.1
Parcubacteria6_00719	gi|780824199|gb|KJS27593.1|	28.2	220	126	7	4	579	17	232	2.6e-08	59.7
Parcubacteria6_00719	gi|489394163|ref|WP_003300681.1|	28.2	220	126	7	4	579	17	232	2.6e-08	59.7
Parcubacteria6_00719	gi|505089259|ref|WP_015276361.1|	28.2	220	126	7	4	579	17	232	2.6e-08	59.7
Parcubacteria7_00108	gi|1221435534|ref|WP_089609682.1|	34.2	231	135	4	1	669	5	226	3.1e-32	138.7
Parcubacteria7_00108	gi|900996098|gb|KMZ26854.1|	33.3	225	137	2	1	651	14	233	3.0e-27	122.1
Parcubacteria7_00108	gi|501009381|ref|WP_012062283.1|	33.7	193	124	2	61	639	25	213	1.5e-26	119.8
Parcubacteria7_00108	gi|651366478|ref|WP_026478784.1|	31.3	217	145	2	1	651	5	217	2.5e-26	119.0
Parcubacteria7_00108	gi|385692784|gb|EIG23454.1|	33.6	226	135	4	1	651	8	227	5.6e-26	117.9
Parcubacteria7_00108	gi|1101212543|gb|OIP61930.1|	30.5	210	144	2	1	627	7	215	5.6e-26	117.9
Parcubacteria7_00108	gi|1069261553|ref|WP_069650918.1|	30.5	203	137	2	16	624	10	208	1.6e-25	116.3
Parcubacteria7_00108	gi|1057171307|ref|WP_068554642.1|	30.8	214	144	2	10	651	8	217	2.1e-25	115.9
Parcubacteria7_00108	gi|651261091|ref|WP_026394432.1|	32.0	197	130	3	73	663	33	225	2.1e-25	115.9
Parcubacteria7_00108	gi|766663581|ref|WP_044823477.1|	30.1	209	142	2	10	636	8	212	2.8e-25	115.5
Parcubacteria7_00108	gi|491714624|ref|WP_005559382.1|	32.0	222	138	2	10	651	13	229	6.2e-25	114.4
Parcubacteria7_00108	gi|491745000|ref|WP_005578133.1|	32.0	222	138	2	10	651	13	229	8.1e-25	114.0
Parcubacteria7_00108	gi|939324684|ref|WP_054871512.1|	29.8	205	140	2	10	624	8	208	8.1e-25	114.0
Parcubacteria7_00108	gi|503831122|ref|WP_014065116.1|	31.2	221	147	2	1	651	7	226	1.8e-24	112.8
Parcubacteria7_00108	gi|494789941|ref|WP_007525349.1|	32.6	224	140	3	1	651	7	226	1.8e-24	112.8
Parcubacteria7_00108	gi|1120280724|ref|WP_073146861.1|	28.8	212	147	2	1	636	5	212	1.8e-24	112.8
Parcubacteria7_00108	gi|896438345|ref|WP_049370160.1|	31.7	221	146	2	1	651	7	226	2.4e-24	112.5
Parcubacteria7_00108	gi|896444606|ref|WP_049374385.1|	31.2	221	147	2	1	651	7	226	5.2e-24	111.3
Parcubacteria7_00108	gi|1092794279|ref|WP_070714261.1|	31.2	221	147	2	1	651	7	226	5.2e-24	111.3
Parcubacteria7_00108	gi|935490100|ref|WP_054418011.1|	31.2	221	147	2	1	651	7	226	5.2e-24	111.3
Parcubacteria7_00108	gi|1042183445|ref|WP_065244357.1|	31.2	221	147	2	1	651	7	226	5.2e-24	111.3
Parcubacteria7_00108	gi|491973526|ref|WP_005699910.1|	31.2	221	147	2	1	651	7	226	5.2e-24	111.3
Parcubacteria7_00108	gi|1160628228|ref|WP_079490108.1|	29.7	209	143	2	10	636	8	212	5.2e-24	111.3
Parcubacteria7_00108	gi|1093968458|ref|WP_070967521.1|	30.2	212	144	2	1	636	5	212	5.2e-24	111.3
Parcubacteria7_00108	gi|896428386|ref|WP_049362150.1|	31.2	221	147	2	1	651	7	226	6.8e-24	110.9
Parcubacteria7_00111	gi|757125646|ref|WP_042680006.1|	34.3	181	112	2	178	720	16	189	1.6e-23	109.8
Parcubacteria7_00111	gi|504602243|ref|WP_014789345.1|	31.5	203	131	3	178	783	16	211	8.0e-23	107.5
Parcubacteria7_00111	gi|1247727776|emb|SNY70873.1|	35.6	222	131	7	136	783	17	232	1.8e-22	106.3
Parcubacteria7_00111	gi|991929542|gb|AMG92747.1|	33.7	208	133	4	178	789	28	234	2.3e-22	105.9
Parcubacteria7_00111	gi|500914201|ref|WP_012017232.1|	34.3	210	129	5	178	789	20	226	2.3e-22	105.9
Parcubacteria7_00111	gi|490169561|ref|WP_004068202.1|	33.0	218	116	4	70	720	1	189	2.3e-22	105.9
Parcubacteria7_00111	gi|1198920897|ref|WP_087035828.1|	31.8	223	112	5	70	720	1	189	4.0e-22	105.1
Parcubacteria7_00111	gi|948667264|ref|WP_056933384.1|	33.7	181	113	2	178	720	16	189	4.0e-22	105.1
Parcubacteria7_00111	gi|817118702|ref|WP_046491678.1|	34.0	206	131	4	178	783	28	232	6.8e-22	104.4
Parcubacteria7_00111	gi|666376371|gb|KEY46215.1|	32.7	220	142	5	142	789	19	236	6.8e-22	104.4
Parcubacteria7_00111	gi|1206866453|emb|SAY76500.1|	32.7	220	138	5	142	789	19	232	6.8e-22	104.4
Parcubacteria7_00111	gi|499186728|ref|WP_010884268.1|	34.3	181	112	2	178	720	16	189	6.8e-22	104.4
Parcubacteria7_00111	gi|504546184|ref|WP_014733286.1|	33.7	181	113	2	178	720	16	189	8.9e-22	104.0
Parcubacteria7_00111	gi|74503010|sp|Q5JEB0.1|WTPC_THEKO	32.0	181	116	2	178	720	17	190	8.9e-22	104.0
Parcubacteria7_00111	gi|757779934|ref|WP_042998518.1|	33.2	208	134	4	178	789	28	234	1.2e-21	103.6
Parcubacteria7_00111	gi|764284100|ref|WP_044327557.1|	33.2	208	134	4	178	789	28	234	1.2e-21	103.6
Parcubacteria7_00111	gi|930175695|ref|WP_054176497.1|	33.2	208	134	4	178	789	28	234	1.2e-21	103.6
Parcubacteria7_00111	gi|968562969|ref|WP_058587442.1|	33.2	208	134	4	178	789	28	234	1.2e-21	103.6
Parcubacteria7_00111	gi|763396665|ref|WP_044253644.1|	33.2	208	134	4	178	789	28	234	1.5e-21	103.2
Parcubacteria7_00111	gi|499320702|ref|WP_011011194.1|	33.7	181	113	2	178	720	16	189	1.5e-21	103.2
Parcubacteria7_00111	gi|754967179|ref|WP_042323091.1|	33.5	206	132	4	178	783	28	232	2.6e-21	102.4
Parcubacteria7_00111	gi|1214746456|ref|WP_088858056.1|	33.7	181	113	2	178	720	16	189	2.6e-21	102.4
Parcubacteria7_00111	gi|1268642094|ref|WP_098940722.1|	32.3	217	142	4	145	783	8	223	3.4e-21	102.1
Parcubacteria7_00111	gi|1214752295|ref|WP_088863601.1|	31.5	203	131	3	178	783	16	211	3.4e-21	102.1
Parcubacteria7_00111	gi|759355124|ref|WP_043085683.1|	32.7	217	141	4	145	783	8	223	4.4e-21	101.7
Parcubacteria7_00274	gi|488160957|ref|WP_002232165.1|	34.7	219	135	4	10	660	5	217	2.7e-27	122.1
Parcubacteria7_00274	gi|504394746|ref|WP_014581848.1|	34.7	219	135	4	10	660	5	217	2.7e-27	122.1
Parcubacteria7_00274	gi|1005626696|ref|WP_061701917.1|	34.2	219	136	4	10	660	5	217	8.0e-27	120.6
Parcubacteria7_00274	gi|1245793049|ref|WP_096100841.1|	34.2	219	136	4	10	660	5	217	1.0e-26	120.2
Parcubacteria7_00274	gi|1006077328|ref|WP_061726650.1|	34.2	219	136	4	10	660	5	217	1.4e-26	119.8
Parcubacteria7_00274	gi|488173564|ref|WP_002244772.1|	34.2	219	136	4	10	660	5	217	1.4e-26	119.8
Parcubacteria7_00274	gi|915782284|ref|WP_050888295.1|	34.2	219	136	4	10	660	5	217	1.4e-26	119.8
Parcubacteria7_00274	gi|488184595|ref|WP_002255803.1|	34.2	219	136	4	10	660	5	217	1.4e-26	119.8
Parcubacteria7_00274	gi|504394073|ref|WP_014581175.1|	34.2	219	136	4	10	660	5	217	1.4e-26	119.8
Parcubacteria7_00274	gi|488143044|ref|WP_002214252.1|	34.2	219	136	4	10	660	5	217	1.4e-26	119.8
Parcubacteria7_00274	gi|912546636|ref|WP_050184884.1|	34.2	219	136	4	10	660	5	217	1.4e-26	119.8
Parcubacteria7_00274	gi|488148432|ref|WP_002219640.1|	34.2	219	136	4	10	660	5	217	1.4e-26	119.8
Parcubacteria7_00274	gi|488167660|ref|WP_002238868.1|	34.2	219	136	4	10	660	5	217	1.4e-26	119.8
Parcubacteria7_00274	gi|915799567|ref|WP_050894143.1|	34.2	219	136	4	10	660	5	217	1.4e-26	119.8
Parcubacteria7_00274	gi|950351568|ref|WP_057329956.1|	34.2	219	136	4	10	660	5	217	1.4e-26	119.8
Parcubacteria7_00274	gi|488168457|ref|WP_002239665.1|	34.2	219	136	4	10	660	5	217	1.4e-26	119.8
Parcubacteria7_00274	gi|488179955|ref|WP_002251163.1|	34.2	219	136	4	10	660	5	217	1.4e-26	119.8
Parcubacteria7_00274	gi|912537006|ref|WP_050178920.1|	34.2	219	136	4	10	660	5	217	1.4e-26	119.8
Parcubacteria7_00274	gi|1245820278|ref|WP_096121578.1|	34.2	219	136	4	10	660	5	217	1.4e-26	119.8
Parcubacteria7_00274	gi|912910002|ref|WP_050305266.1|	34.2	219	136	4	10	660	5	217	1.4e-26	119.8
Parcubacteria7_00274	gi|1006076959|ref|WP_061726476.1|	34.2	219	136	4	10	660	5	217	1.8e-26	119.4
Parcubacteria7_00274	gi|503214678|ref|WP_013449339.1|	33.3	219	138	4	10	660	5	217	2.3e-26	119.0
Parcubacteria7_00274	gi|488170049|ref|WP_002241257.1|	33.3	219	138	4	10	660	5	217	3.0e-26	118.6
Parcubacteria7_00274	gi|1245801583|ref|WP_096107344.1|	33.3	219	138	4	10	660	5	217	4.0e-26	118.2
Parcubacteria7_00274	gi|489776070|ref|WP_003679964.1|	33.5	215	135	4	22	660	9	217	8.8e-26	117.1
Parcubacteria9_00008	gi|1214752295|ref|WP_088863601.1|	32.4	222	131	6	1	648	2	210	4.0e-23	108.2
Parcubacteria9_00008	gi|74503010|sp|Q5JEB0.1|WTPC_THEKO	31.9	226	139	5	1	666	3	217	5.3e-23	107.8
Parcubacteria9_00008	gi|499169002|ref|WP_010867278.1|	34.1	226	134	6	1	666	2	216	6.9e-23	107.5
Parcubacteria9_00008	gi|1214743586|ref|WP_088855187.1|	32.4	219	133	5	1	645	2	209	9.0e-23	107.1
Parcubacteria9_00008	gi|1267076182|ref|WP_098031491.1|	33.5	197	124	4	49	633	20	211	1.2e-22	106.7
Parcubacteria9_00008	gi|499186728|ref|WP_010884268.1|	33.2	220	132	6	1	648	2	210	1.5e-22	106.3
Parcubacteria9_00008	gi|1057202114|ref|WP_068575893.1|	33.2	220	132	6	1	648	2	210	2.0e-22	105.9
Parcubacteria9_00008	gi|851284341|ref|WP_048148096.1|	31.4	220	136	5	1	648	3	211	2.0e-22	105.9
Parcubacteria9_00008	gi|693157898|ref|WP_032293923.1|	33.2	196	124	4	52	633	21	211	2.6e-22	105.5
Parcubacteria9_00008	gi|1221323862|ref|WP_089573840.1|	33.0	197	125	4	49	633	20	211	2.6e-22	105.5
Parcubacteria9_00008	gi|504546184|ref|WP_014733286.1|	31.4	220	136	5	1	648	2	210	2.6e-22	105.5
Parcubacteria9_00008	gi|727406808|ref|WP_033814880.1|	33.0	197	125	4	49	633	20	211	3.4e-22	105.1
Parcubacteria9_00008	gi|1221393415|ref|WP_089582061.1|	33.2	196	124	4	52	633	21	211	3.4e-22	105.1
Parcubacteria9_00008	gi|1252891383|ref|WP_096840480.1|	33.2	196	124	4	52	633	21	211	3.4e-22	105.1
Parcubacteria9_00008	gi|556422744|ref|WP_023307696.1|	33.0	197	125	4	49	633	20	211	3.4e-22	105.1
Parcubacteria9_00008	gi|545160983|ref|WP_021515845.1|	33.0	197	125	4	49	633	20	211	3.4e-22	105.1
Parcubacteria9_00008	gi|486199137|ref|WP_001548267.1|	33.0	197	125	4	49	633	20	211	3.4e-22	105.1
Parcubacteria9_00008	gi|447080295|ref|WP_001157551.1|	33.0	197	125	4	49	633	20	211	4.5e-22	104.8
Parcubacteria9_00008	gi|545245145|ref|WP_021543822.1|	33.0	197	125	4	49	633	20	211	4.5e-22	104.8
Parcubacteria9_00008	gi|447080296|ref|WP_001157552.1|	33.0	197	125	4	49	633	20	211	4.5e-22	104.8
Parcubacteria9_00008	gi|692999054|ref|WP_032185724.1|	33.2	196	124	4	52	633	21	211	4.5e-22	104.8
Parcubacteria9_00008	gi|1257183693|ref|WP_097501592.1|	33.0	197	125	4	49	633	20	211	4.5e-22	104.8
Parcubacteria9_00008	gi|1221423337|ref|WP_089601215.1|	33.0	197	125	4	49	633	20	211	4.5e-22	104.8
Parcubacteria9_00008	gi|447080291|ref|WP_001157547.1|	33.0	197	125	4	49	633	20	211	4.5e-22	104.8
Parcubacteria9_00008	gi|1183800504|ref|WP_085004550.1|	33.0	197	125	4	49	633	20	211	4.5e-22	104.8
Parcubacteria9_00053	gi|754285819|ref|WP_041845618.1|	37.5	304	167	6	7	849	2	305	3.1e-44	178.7
Parcubacteria9_00053	gi|1053761201|ref|WP_066054227.1|	34.2	310	167	6	13	852	4	306	1.0e-39	163.7
Parcubacteria9_00053	gi|1103008528|ref|WP_071619795.1|	33.6	304	175	7	13	849	4	305	1.0e-39	163.7
Parcubacteria9_00053	gi|692302269|ref|WP_032123233.1|	36.4	302	169	7	7	843	2	303	1.4e-39	163.3
Parcubacteria9_00053	gi|889532216|ref|WP_048826470.1|	35.5	301	171	8	13	846	4	304	1.8e-39	162.9
Parcubacteria9_00053	gi|923001664|ref|WP_053403104.1|	36.2	301	169	7	13	846	4	304	3.0e-39	162.2
Parcubacteria9_00053	gi|1139887953|gb|ONI45913.1|	34.1	305	174	7	7	846	2	304	1.9e-38	159.5
Parcubacteria9_00053	gi|651387665|ref|WP_026499689.1|	33.4	302	178	6	13	849	4	305	3.3e-38	158.7
Parcubacteria9_00053	gi|1004905611|gb|KYD15155.1|	33.4	302	178	6	13	849	48	349	3.3e-38	158.7
Parcubacteria9_00053	gi|1198391634|gb|OUM83656.1|	33.1	302	179	6	13	849	4	305	4.3e-38	158.3
Parcubacteria9_00053	gi|1054463302|ref|WP_066268935.1|	34.6	301	174	7	13	846	4	304	1.4e-36	153.3
Parcubacteria9_00053	gi|518072390|ref|WP_019242598.1|	33.8	305	175	8	7	846	2	304	1.8e-36	152.9
Parcubacteria9_00053	gi|647285286|ref|WP_025730448.1|	33.9	301	176	6	13	846	4	304	4.1e-36	151.8
Parcubacteria9_00053	gi|764934946|ref|WP_044505444.1|	32.9	304	177	8	13	849	4	305	9.1e-36	150.6
Parcubacteria9_00053	gi|1011517498|ref|WP_062411900.1|	32.0	309	173	7	13	849	4	305	1.5e-35	149.8
Parcubacteria9_00053	gi|1043208275|ref|WP_065359938.1|	33.2	304	176	8	13	849	4	305	3.4e-35	148.7
Parcubacteria9_00053	gi|657718925|ref|WP_029515709.1|	34.4	302	174	10	13	849	4	304	4.5e-35	148.3
Parcubacteria9_00053	gi|655094626|ref|WP_028542449.1|	34.4	302	174	10	13	849	4	304	4.5e-35	148.3
Parcubacteria9_00053	gi|504048918|ref|WP_014282912.1|	34.1	302	175	9	13	849	4	304	5.9e-35	147.9
Parcubacteria9_00053	gi|1124453710|ref|WP_074739802.1|	32.1	305	176	7	13	846	4	304	1.7e-34	146.4
Parcubacteria9_00053	gi|1039670486|ref|WP_064961882.1|	34.9	301	172	9	13	846	4	303	1.7e-34	146.4
Parcubacteria9_00053	gi|1103280935|ref|WP_071642442.1|	34.1	302	175	10	13	849	4	304	1.7e-34	146.4
Parcubacteria9_00053	gi|566000263|ref|WP_023989887.1|	34.1	302	175	10	13	849	4	304	1.7e-34	146.4
Parcubacteria9_00053	gi|1006946714|ref|WP_061829265.1|	34.1	302	175	10	13	849	4	304	1.7e-34	146.4
Parcubacteria9_00053	gi|1228061919|ref|WP_094154189.1|	34.2	301	174	10	13	846	4	303	1.7e-34	146.4
SR1_00016	gi|496185111|ref|WP_008909618.1|	26.4	284	170	11	34	798	46	319	5.6e-14	78.2
SR1_00241	gi|652388993|ref|WP_026784876.1|	26.1	184	112	5	25	543	49	219	6.3e-06	50.8
SR1_00241	gi|1127361145|gb|APR82548.1|	26.2	145	98	3	109	543	88	223	3.1e-05	48.5
SR1_00241	gi|1057172638|ref|WP_068555574.1|	29.0	107	72	2	109	429	79	181	6.9e-05	47.4
SR1_00241	gi|522211967|ref|WP_020719086.1|	25.5	153	105	3	85	543	77	220	9.0e-05	47.0
SR1_00241	gi|1125493900|gb|OLE15454.1|	25.2	143	98	3	109	537	79	212	1.2e-04	46.6
SR1_00241	gi|1027770261|ref|WP_063701967.1|	24.2	153	107	4	85	543	63	206	1.5e-04	46.2
SR1_00241	gi|1085211034|gb|OGT95943.1|	25.2	135	90	2	43	423	47	178	2.0e-04	45.8
SR1_00241	gi|575458676|gb|AHG89793.1|	24.4	135	91	2	43	423	61	192	7.7e-04	43.9
SR1_00241	gi|1082353608|gb|OFX13379.1|	27.1	107	74	2	109	429	91	193	7.7e-04	43.9
Unknown15_00028	gi|504546184|ref|WP_014733286.1|	31.8	220	137	4	1	654	1	209	3.5e-27	121.7
Unknown15_00028	gi|498164492|ref|WP_010478648.1|	32.7	220	135	4	1	654	1	209	3.9e-26	118.2
Unknown15_00028	gi|1198920897|ref|WP_087035828.1|	32.3	220	136	4	1	654	1	209	1.1e-25	116.7
Unknown15_00028	gi|504781928|ref|WP_014969030.1|	36.4	198	113	4	82	666	25	212	1.9e-25	115.9
Unknown15_00028	gi|490169561|ref|WP_004068202.1|	31.4	220	138	4	1	654	1	209	3.3e-25	115.2
Unknown15_00028	gi|1214773941|ref|WP_088885099.1|	32.3	220	136	4	1	654	1	209	3.3e-25	115.2
Unknown15_00028	gi|757125646|ref|WP_042680006.1|	30.9	220	139	4	1	654	1	209	3.3e-25	115.2
Unknown15_00028	gi|499186728|ref|WP_010884268.1|	32.7	205	126	3	1	612	1	194	4.3e-25	114.8
Unknown15_00028	gi|503779515|ref|WP_014013509.1|	31.8	220	137	4	1	654	1	209	5.6e-25	114.4
Unknown15_00028	gi|503513688|ref|WP_013748163.1|	30.9	220	139	4	1	654	1	209	5.6e-25	114.4
Unknown15_00028	gi|504602243|ref|WP_014789345.1|	30.9	220	139	4	1	654	1	209	7.3e-25	114.0
Unknown15_00028	gi|1057202114|ref|WP_068575893.1|	32.3	220	136	4	1	654	1	209	9.6e-25	113.6
Unknown15_00028	gi|1214746456|ref|WP_088858056.1|	32.3	220	136	4	1	654	1	209	9.6e-25	113.6
Unknown15_00028	gi|1057302910|ref|WP_068664297.1|	30.0	220	141	4	1	654	1	209	1.3e-24	113.2
Unknown15_00028	gi|1214753746|ref|WP_088865051.1|	32.3	220	136	4	1	654	1	209	1.3e-24	113.2
Unknown15_00028	gi|1214743586|ref|WP_088855187.1|	30.9	220	139	4	1	654	1	209	1.3e-24	113.2
Unknown15_00028	gi|499320702|ref|WP_011011194.1|	31.8	220	137	4	1	654	1	209	1.6e-24	112.8
Unknown15_00028	gi|1056908458|ref|WP_068322531.1|	31.8	220	137	4	1	654	1	209	1.6e-24	112.8
Unknown15_00028	gi|1208916308|ref|WP_088180852.1|	30.5	220	140	4	1	654	1	209	1.6e-24	112.8
Unknown15_00028	gi|499960294|ref|WP_011641028.1|	35.5	220	133	5	1	654	3	215	1.6e-24	112.8
Unknown15_00028	gi|499169002|ref|WP_010867278.1|	33.7	205	124	3	1	612	1	194	2.1e-24	112.5
Unknown15_00028	gi|757144727|ref|WP_042698951.1|	30.9	220	139	4	1	654	1	209	2.8e-24	112.1
Unknown15_00028	gi|971869878|ref|WP_058938765.1|	30.5	220	140	4	1	654	1	209	2.8e-24	112.1
Unknown15_00028	gi|974236732|gb|KUO76412.1|	32.7	220	137	5	1	654	4	214	2.8e-24	112.1
Unknown15_00028	gi|1214743229|ref|WP_088854831.1|	30.0	220	141	4	1	654	1	209	4.8e-24	111.3
Unknown18_00108	gi|1054859064|ref|WP_066621134.1|	56.8	250	100	6	76	813	38	283	2.4e-72	271.9
Unknown18_00108	gi|501313122|ref|WP_012344757.1|	51.6	250	113	6	76	813	38	283	4.8e-68	257.7
Unknown18_00108	gi|1133653922|ref|WP_076041556.1|	51.6	250	113	6	76	813	38	283	1.1e-67	256.5
Unknown18_00108	gi|1243950468|ref|WP_096043817.1|	51.6	250	113	6	76	813	38	283	1.1e-67	256.5
Unknown18_00108	gi|780250331|ref|WP_045539983.1|	51.2	250	114	6	76	813	38	283	1.1e-67	256.5
Unknown18_00108	gi|922314146|ref|WP_053338172.1|	51.2	250	114	6	76	813	38	283	1.1e-67	256.5
Unknown18_00108	gi|526254420|gb|EPS47223.1|	51.6	250	113	6	76	813	21	266	1.1e-67	256.5
Unknown18_00108	gi|1133791515|ref|WP_076171874.1|	51.2	250	114	6	76	813	38	283	1.1e-67	256.5
Unknown18_00108	gi|1001745647|ref|WP_061294126.1|	51.6	250	113	6	76	813	38	283	1.4e-67	256.1
Unknown18_00108	gi|1001789903|ref|WP_061327811.1|	51.6	250	113	6	76	813	38	283	1.8e-67	255.8
Unknown18_00108	gi|409735494|gb|EKN37052.1|	51.2	250	114	6	76	813	21	266	2.4e-67	255.4
Unknown18_00108	gi|1133798157|ref|WP_076178135.1|	51.2	250	114	6	76	813	38	283	2.4e-67	255.4
Unknown18_00108	gi|696529263|ref|WP_033063632.1|	51.2	250	114	6	76	813	40	285	2.4e-67	255.4
Unknown18_00108	gi|489452922|ref|WP_003358239.1|	51.2	250	114	6	76	813	38	283	2.4e-67	255.4
Unknown18_00108	gi|696519667|ref|WP_033054974.1|	51.2	250	114	6	76	813	35	280	2.4e-67	255.4
Unknown18_00108	gi|928938089|ref|WP_053962908.1|	51.8	249	113	5	76	810	47	292	3.1e-67	255.0
Unknown18_00108	gi|696532171|ref|WP_033065651.1|	51.2	250	114	6	76	813	38	283	3.1e-67	255.0
Unknown18_00108	gi|1119664502|ref|WP_072584136.1|	51.2	250	114	6	76	813	38	283	3.1e-67	255.0
Unknown18_00108	gi|1133856619|ref|WP_076231931.1|	50.8	250	115	6	76	813	38	283	3.1e-67	255.0
Unknown18_00108	gi|506438085|ref|WP_015957802.1|	51.2	250	114	6	76	813	38	283	3.1e-67	255.0
Unknown18_00108	gi|752699560|ref|WP_041347013.1|	51.2	250	114	6	76	813	38	283	3.1e-67	255.0
Unknown18_00108	gi|428756941|gb|EKX79457.1|	51.2	250	114	6	76	813	34	279	3.1e-67	255.0
Unknown18_00108	gi|696517012|ref|WP_033052379.1|	51.2	250	114	6	76	813	35	280	3.1e-67	255.0
Unknown18_00108	gi|647361542|ref|WP_025774891.1|	49.3	278	124	8	19	813	10	283	4.0e-67	254.6
Unknown18_00108	gi|662070878|ref|WP_030035231.1|	51.2	250	114	6	76	813	38	283	5.3e-67	254.2
Unknown20_01153	gi|1054859064|ref|WP_066621134.1|	53.3	287	113	7	10	822	1	282	5.9e-74	277.3
Unknown20_01153	gi|737308550|ref|WP_035291409.1|	53.7	246	107	5	94	822	44	285	1.8e-70	265.8
Unknown20_01153	gi|740530094|ref|WP_038350721.1|	50.5	283	121	5	19	819	8	287	3.0e-70	265.0
Unknown20_01153	gi|1270437047|gb|PHS29674.1|	54.9	246	105	5	94	822	36	278	3.0e-70	265.0
Unknown20_01153	gi|503144859|ref|WP_013379520.1|	50.4	284	121	5	19	819	8	288	5.1e-70	264.2
Unknown20_01153	gi|501313122|ref|WP_012344757.1|	52.4	246	110	5	94	822	41	282	2.5e-69	261.9
Unknown20_01153	gi|928938089|ref|WP_053962908.1|	51.6	246	113	4	94	822	50	292	5.7e-69	260.8
Unknown20_01153	gi|1133653922|ref|WP_076041556.1|	52.4	246	110	5	94	822	41	282	5.7e-69	260.8
Unknown20_01153	gi|1243950468|ref|WP_096043817.1|	52.4	246	110	5	94	822	41	282	5.7e-69	260.8
Unknown20_01153	gi|1001799843|ref|WP_061334107.1|	52.4	246	110	5	94	822	41	282	5.7e-69	260.8
Unknown20_01153	gi|780250331|ref|WP_045539983.1|	52.4	246	110	5	94	822	41	282	5.7e-69	260.8
Unknown20_01153	gi|922314146|ref|WP_053338172.1|	52.4	246	110	5	94	822	41	282	5.7e-69	260.8
Unknown20_01153	gi|526254420|gb|EPS47223.1|	52.4	246	110	5	94	822	24	265	5.7e-69	260.8
Unknown20_01153	gi|502148835|ref|WP_012721204.1|	52.4	246	110	5	94	822	41	282	5.7e-69	260.8
Unknown20_01153	gi|1133791515|ref|WP_076171874.1|	52.4	246	110	5	94	822	41	282	5.7e-69	260.8
Unknown20_01153	gi|1001745647|ref|WP_061294126.1|	52.8	246	109	5	94	822	41	282	5.7e-69	260.8
Unknown20_01153	gi|757796257|ref|WP_043013729.1|	52.4	246	110	5	94	822	38	279	5.7e-69	260.8
Unknown20_01153	gi|737127203|ref|WP_035114736.1|	54.7	247	105	4	94	822	43	286	7.4e-69	260.4
Unknown20_01153	gi|1001789903|ref|WP_061327811.1|	52.4	246	110	5	94	822	41	282	9.7e-69	260.0
Unknown20_01153	gi|1084580333|gb|OGO36278.1|	52.5	244	113	3	94	822	50	291	9.7e-69	260.0
Unknown20_01153	gi|917667872|ref|WP_052221709.1|	53.1	245	108	5	94	819	43	283	1.3e-68	259.6
Unknown20_01153	gi|647361542|ref|WP_025774891.1|	52.0	246	111	5	94	822	41	282	1.3e-68	259.6
Unknown20_01153	gi|409735494|gb|EKN37052.1|	52.4	246	110	5	94	822	24	265	1.3e-68	259.6
Unknown20_01153	gi|1133798157|ref|WP_076178135.1|	52.4	246	110	5	94	822	41	282	1.3e-68	259.6
Unknown20_01153	gi|696529263|ref|WP_033063632.1|	52.4	246	110	5	94	822	43	284	1.3e-68	259.6
Unknown3_01501	gi|1085291194|gb|OGU68653.1|	76.1	339	81	0	10	1026	6	344	9.1e-141	499.6
Unknown3_01501	gi|1083025537|gb|OGD27116.1|	76.0	338	81	0	13	1026	7	344	1.7e-139	495.4
Unknown3_01501	gi|1083013944|gb|OGD16467.1|	74.6	338	86	0	13	1026	7	344	5.0e-139	493.8
Unknown3_01501	gi|1083018374|gb|OGD20564.1|	76.8	332	77	0	13	1008	7	338	8.5e-139	493.0
Unknown3_01501	gi|755106520|ref|WP_042457296.1|	73.3	341	91	0	10	1032	7	347	7.2e-138	490.0
Unknown3_01501	gi|1084704100|gb|OGP49921.1|	77.1	336	77	0	10	1017	7	342	7.2e-138	490.0
Unknown3_01501	gi|1121324437|ref|WP_073634363.1|	75.0	340	85	0	7	1026	7	346	3.6e-137	487.6
Unknown3_01501	gi|1083027852|gb|OGD29230.1|	75.7	338	82	0	13	1026	7	344	6.1e-137	486.9
Unknown3_01501	gi|1189235526|ref|WP_085660481.1|	72.1	340	95	0	7	1026	1	340	7.5e-135	479.9
Unknown3_01501	gi|780214066|ref|WP_045520970.1|	72.6	339	93	0	10	1026	7	345	9.8e-135	479.6
Unknown3_01501	gi|518367327|ref|WP_019537534.1|	72.9	339	92	0	10	1026	7	345	1.7e-134	478.8
Unknown3_01501	gi|1222626989|ref|WP_090675381.1|	72.9	339	92	0	10	1026	7	345	1.7e-134	478.8
Unknown3_01501	gi|736665704|ref|WP_034672594.1|	73.2	339	91	0	10	1026	7	345	2.2e-134	478.4
Unknown3_01501	gi|1267783752|ref|WP_098527491.1|	72.1	341	95	0	10	1032	7	347	4.8e-134	477.2
Unknown3_01501	gi|1020034576|ref|WP_063184954.1|	72.3	339	94	0	10	1026	7	345	4.8e-134	477.2
Unknown3_01501	gi|1207701014|ref|WP_088059336.1|	71.1	342	99	0	7	1032	1	342	1.1e-133	476.1
Unknown3_01501	gi|1248195492|ref|WP_096694904.1|	73.2	340	91	0	7	1026	7	346	1.1e-133	476.1
Unknown3_01501	gi|488049163|ref|WP_002120560.1|	71.1	342	99	0	7	1032	1	342	1.4e-133	475.7
Unknown3_01501	gi|1121313488|ref|WP_073624359.1|	73.2	340	91	0	7	1026	7	346	1.8e-133	475.3
Unknown3_01501	gi|1054534366|ref|WP_066306999.1|	72.0	339	95	0	10	1026	7	345	2.4e-133	474.9
Unknown3_01501	gi|1028849030|ref|WP_064017993.1|	73.8	336	88	0	10	1017	7	342	5.4e-133	473.8
Unknown3_01501	gi|647281662|ref|WP_025726891.1|	73.3	333	89	0	10	1008	7	339	7.0e-133	473.4
Unknown3_01501	gi|1085294149|gb|OGU71357.1|	71.8	340	96	0	7	1026	5	344	9.1e-133	473.0
Unknown3_01501	gi|657932413|ref|WP_029633618.1|	73.5	339	90	0	10	1026	11	349	1.2e-132	472.6
Unknown3_01501	gi|670465431|ref|WP_031414210.1|	73.5	336	89	0	10	1017	7	342	1.6e-132	472.2
Unknown4_00032	gi|924827610|gb|KOS25532.1|	28.7	87	59	1	10	270	16	99	4.7e-04	43.5
Unknown6_00147	gi|923001664|ref|WP_053403104.1|	34.4	305	171	7	10	846	3	304	6.7e-39	161.0
Unknown6_00147	gi|1139887953|gb|ONI45913.1|	33.4	305	176	6	7	846	2	304	1.5e-38	159.8
Unknown6_00147	gi|889532216|ref|WP_048826470.1|	33.4	302	178	6	10	846	3	304	2.1e-37	156.0
Unknown6_00147	gi|1011517498|ref|WP_062411900.1|	33.5	310	169	7	10	849	3	305	6.3e-37	154.5
Unknown6_00147	gi|764934946|ref|WP_044505444.1|	33.2	310	170	7	10	849	3	305	2.4e-36	152.5
Unknown6_00147	gi|1053761201|ref|WP_066054227.1|	32.0	309	173	6	10	846	3	304	4.1e-36	151.8
Unknown6_00147	gi|692302269|ref|WP_032123233.1|	34.8	302	174	6	7	843	2	303	5.3e-36	151.4
Unknown6_00147	gi|518072390|ref|WP_019242598.1|	32.9	304	179	7	7	846	2	304	6.9e-36	151.0
Unknown6_00147	gi|503781174|ref|WP_014015168.1|	32.3	310	173	6	10	849	3	305	5.9e-35	147.9
Unknown6_00147	gi|655148562|ref|WP_028595306.1|	34.7	311	172	9	10	867	3	307	5.9e-35	147.9
Unknown6_00147	gi|1043208275|ref|WP_065359938.1|	32.9	310	171	7	10	849	3	305	7.6e-35	147.5
Unknown6_00147	gi|1120110889|ref|WP_072981370.1|	32.3	310	173	6	10	849	3	305	1.0e-34	147.1
Unknown6_00147	gi|933768642|ref|WP_054335891.1|	32.3	310	173	6	10	849	3	305	1.7e-34	146.4
Unknown6_00147	gi|738247201|ref|WP_036202398.1|	32.3	310	173	6	10	849	3	305	1.7e-34	146.4
Unknown6_00147	gi|654423765|ref|WP_027895009.1|	32.6	310	172	7	10	849	3	305	1.7e-34	146.4
Unknown6_00147	gi|524810024|emb|CDF05462.1|	31.9	310	174	6	10	849	3	305	2.2e-34	146.0
Unknown6_00147	gi|1238663823|ref|WP_095340575.1|	32.3	310	173	6	10	849	3	305	2.9e-34	145.6
Unknown6_00147	gi|520878298|ref|WP_020309974.1|	32.3	310	173	6	10	849	3	305	3.8e-34	145.2
Unknown6_00147	gi|523971691|emb|CCX53950.1|	33.8	314	164	9	7	849	2	304	5.0e-34	144.8
Unknown6_00147	gi|517714501|ref|WP_018884709.1|	33.3	303	178	8	10	849	3	304	8.4e-34	144.1
Unknown6_00147	gi|655143215|ref|WP_028590016.1|	33.3	303	178	8	10	849	3	304	8.4e-34	144.1
Unknown6_00147	gi|1205087841|ref|WP_087796514.1|	32.1	312	174	7	10	855	3	306	1.1e-33	143.7
Unknown6_00147	gi|517532771|ref|WP_018702979.1|	31.5	270	155	4	7	747	2	264	1.1e-33	143.7
Unknown6_00147	gi|1182667153|emb|SMF88949.1|	31.9	310	173	6	10	849	3	304	1.9e-33	142.9
Unknown6_00147	gi|1210299921|ref|WP_088489211.1|	32.1	312	174	7	10	855	3	306	2.5e-33	142.5
Unknown6_00728	gi|504546184|ref|WP_014733286.1|	32.8	229	152	2	43	729	1	227	2.1e-31	136.0
Unknown6_00728	gi|971877193|ref|WP_058945778.1|	33.0	215	142	2	43	687	1	213	2.6e-29	129.0
Unknown6_00728	gi|1101212543|gb|OIP61930.1|	31.6	212	143	2	46	678	5	215	2.6e-29	129.0
Unknown6_00728	gi|757125646|ref|WP_042680006.1|	33.0	215	142	2	43	687	1	213	9.9e-29	127.1
Unknown6_00728	gi|948667264|ref|WP_056933384.1|	33.0	215	142	2	43	687	1	213	2.2e-28	125.9
Unknown6_00728	gi|1221435534|ref|WP_089609682.1|	32.3	220	135	3	46	690	3	213	2.2e-28	125.9
Unknown6_00728	gi|501009381|ref|WP_012062283.1|	30.4	214	145	2	46	687	3	212	7.1e-27	120.9
Unknown6_00728	gi|1069261553|ref|WP_069650918.1|	29.5	210	144	2	46	675	3	208	2.1e-26	119.4
Unknown6_00728	gi|939324684|ref|WP_054871512.1|	29.0	210	145	2	46	675	3	208	1.7e-25	116.3
Unknown6_00728	gi|1160628228|ref|WP_079490108.1|	30.4	214	145	2	46	687	3	212	1.5e-24	113.2
Unknown6_00728	gi|1119832545|ref|WP_072724395.1|	30.0	210	143	2	46	675	3	208	2.5e-24	112.5
Unknown6_00728	gi|651366478|ref|WP_026478784.1|	29.9	214	146	2	46	687	3	212	4.3e-24	111.7
Unknown6_00728	gi|1233155614|ref|WP_094550590.1|	30.5	210	142	2	46	675	3	208	9.6e-24	110.5
Unknown6_00728	gi|1120014405|ref|WP_072889292.1|	29.0	210	145	3	46	675	3	208	9.6e-24	110.5
Unknown6_00728	gi|651261091|ref|WP_026394432.1|	28.5	228	139	5	46	693	3	218	1.2e-23	110.2
Unknown6_00728	gi|1057171307|ref|WP_068554642.1|	31.4	210	140	2	46	675	3	208	1.6e-23	109.8
Unknown6_00728	gi|913747575|gb|KNZ42969.1|	30.2	225	145	4	46	702	3	221	2.8e-23	109.0
Unknown6_00728	gi|1270444053|gb|PHS36542.1|	28.6	238	163	4	52	765	23	253	3.6e-23	108.6
Unknown6_00728	gi|81323806|sp|Q93KD4.1|TUPC_EUBAC	29.5	210	143	2	46	675	3	207	4.7e-23	108.2
Unknown6_00728	gi|645063574|ref|WP_025434782.1|	29.5	210	143	2	46	675	3	207	4.7e-23	108.2
Unknown6_00728	gi|1120280724|ref|WP_073146861.1|	29.9	214	146	2	46	687	3	212	4.7e-23	108.2
Unknown6_00728	gi|644355280|ref|WP_025302604.1|	29.9	244	147	6	46	741	11	242	6.2e-23	107.8
Unknown6_00728	gi|516504182|ref|WP_017892620.1|	29.9	244	147	6	46	741	11	242	1.1e-22	107.1
Unknown6_00728	gi|501094784|ref|WP_012144868.1|	29.9	244	147	6	46	741	11	242	1.4e-22	106.7
Unknown6_00728	gi|766663581|ref|WP_044823477.1|	27.0	211	150	2	55	687	6	212	2.4e-22	105.9
Unknown6_00733	gi|953979125|ref|WP_058064051.1|	36.4	118	68	4	4	345	17	131	2.6e-08	59.7
Unknown6_00733	gi|489373539|ref|WP_003280302.1|	36.4	118	68	4	4	345	17	131	2.6e-08	59.7
Unknown6_00733	gi|1093544433|ref|WP_070881693.1|	35.6	118	69	4	4	345	17	131	3.4e-08	59.3
Unknown6_00733	gi|1183668517|ref|WP_084900534.1|	36.4	118	68	4	4	345	17	131	4.5e-08	58.9
Unknown6_00733	gi|1224338896|ref|WP_092364278.1|	34.7	118	70	4	4	345	17	131	1.0e-07	57.8
Unknown6_00733	gi|1010919597|ref|WP_061904991.1|	35.6	118	69	4	4	345	17	131	1.7e-07	57.0
Unknown6_00733	gi|1134183966|ref|WP_076426301.1|	35.6	118	69	4	4	345	17	131	1.7e-07	57.0
Unknown6_00733	gi|1134344782|ref|WP_076584302.1|	35.6	118	69	4	4	345	17	131	1.7e-07	57.0
Unknown6_00733	gi|545464053|ref|WP_021700666.1|	35.6	118	69	4	4	345	17	131	1.7e-07	57.0
Unknown6_00733	gi|1124601568|ref|WP_074883405.1|	34.7	118	70	4	4	345	17	131	1.7e-07	57.0
Unknown6_00733	gi|1222208029|ref|WP_090262804.1|	35.6	118	69	4	4	345	18	132	1.7e-07	57.0
Unknown6_00733	gi|1120402269|ref|WP_073265705.1|	34.7	118	70	4	4	345	17	131	1.7e-07	57.0
Unknown6_00733	gi|755680765|ref|WP_042553169.1|	34.7	118	70	4	4	345	17	131	1.7e-07	57.0
Unknown6_00733	gi|1060072048|ref|WP_069085236.1|	34.7	118	70	4	4	345	17	131	2.2e-07	56.6
Unknown6_00733	gi|489386211|ref|WP_003292825.1|	35.6	118	69	4	4	345	17	131	2.2e-07	56.6
Unknown6_00733	gi|780824199|gb|KJS27593.1|	35.6	118	69	4	4	345	17	131	2.2e-07	56.6
Unknown6_00733	gi|489394163|ref|WP_003300681.1|	35.6	118	69	4	4	345	17	131	2.2e-07	56.6
Unknown6_00733	gi|505089259|ref|WP_015276361.1|	35.6	118	69	4	4	345	17	131	2.2e-07	56.6
Unknown6_00733	gi|1024905397|ref|WP_063539761.1|	35.6	118	69	4	4	345	17	131	2.2e-07	56.6
Unknown6_00733	gi|817652608|ref|WP_046618788.1|	35.6	118	69	4	4	345	17	131	2.2e-07	56.6
Unknown6_00733	gi|1239474306|ref|WP_095460478.1|	35.6	118	69	4	4	345	17	131	2.2e-07	56.6
Unknown6_00733	gi|500263027|ref|WP_011913911.1|	35.6	118	69	4	4	345	17	131	2.2e-07	56.6
Unknown6_00733	gi|1088371216|gb|OHC14020.1|	35.6	118	69	4	4	345	17	131	2.2e-07	56.6
Unknown6_00733	gi|1057532591|ref|WP_068828568.1|	35.6	118	69	4	4	345	17	131	2.2e-07	56.6
Unknown6_00733	gi|759592955|ref|WP_043311496.1|	35.6	118	69	4	4	345	17	131	2.2e-07	56.6
Unknown9_00357	gi|504546184|ref|WP_014733286.1|	32.7	220	135	5	1	654	1	209	6.0e-27	120.9
Unknown9_00357	gi|1057202114|ref|WP_068575893.1|	33.5	233	137	6	1	693	1	217	1.3e-26	119.8
Unknown9_00357	gi|1056908458|ref|WP_068322531.1|	33.5	233	137	6	1	693	1	217	2.3e-26	119.0
Unknown9_00357	gi|498164492|ref|WP_010478648.1|	33.2	220	134	5	1	654	1	209	5.1e-26	117.9
Unknown9_00357	gi|499186728|ref|WP_010884268.1|	34.1	205	123	4	1	612	1	194	6.6e-26	117.5
Unknown9_00357	gi|1214753746|ref|WP_088865051.1|	34.1	220	132	5	1	654	1	209	1.5e-25	116.3
Unknown9_00357	gi|1198920897|ref|WP_087035828.1|	31.8	220	137	5	1	654	1	209	4.3e-25	114.8
Unknown9_00357	gi|1214773941|ref|WP_088885099.1|	32.7	220	135	5	1	654	1	209	4.3e-25	114.8
Unknown9_00357	gi|1214746456|ref|WP_088858056.1|	34.1	205	123	4	1	612	1	194	4.3e-25	114.8
Unknown9_00357	gi|1214743586|ref|WP_088855187.1|	32.3	220	136	5	1	654	1	209	4.3e-25	114.8
Unknown9_00357	gi|504602243|ref|WP_014789345.1|	32.3	220	136	5	1	654	1	209	5.6e-25	114.4
Unknown9_00357	gi|503513688|ref|WP_013748163.1|	33.2	205	125	4	1	612	1	194	5.6e-25	114.4
Unknown9_00357	gi|490169561|ref|WP_004068202.1|	31.8	220	137	5	1	654	1	209	7.3e-25	114.0
Unknown9_00357	gi|503779515|ref|WP_014013509.1|	33.2	220	134	5	1	654	1	209	1.3e-24	113.2
Unknown9_00357	gi|1057302910|ref|WP_068664297.1|	32.2	205	127	4	1	612	1	194	1.6e-24	112.8
Unknown9_00357	gi|1214755499|ref|WP_088866803.1|	31.8	220	137	5	1	654	1	209	2.1e-24	112.5
Unknown9_00357	gi|1208916308|ref|WP_088180852.1|	31.8	220	137	5	1	654	1	209	3.6e-24	111.7
Unknown9_00357	gi|974236732|gb|KUO76412.1|	33.2	223	137	7	1	660	4	217	3.6e-24	111.7
Unknown9_00357	gi|499320702|ref|WP_011011194.1|	33.7	205	124	4	1	612	1	194	4.8e-24	111.3
Unknown9_00357	gi|971869878|ref|WP_058938765.1|	31.8	220	137	5	1	654	1	209	4.8e-24	111.3
Unknown9_00357	gi|1214743229|ref|WP_088854831.1|	31.4	220	138	5	1	654	1	209	4.8e-24	111.3
Unknown9_00357	gi|81323806|sp|Q93KD4.1|TUPC_EUBAC	31.5	219	134	5	4	654	3	207	4.8e-24	111.3
Unknown9_00357	gi|1011493482|ref|WP_062388159.1|	31.5	238	147	6	1	699	1	227	6.2e-24	110.9
Unknown9_00357	gi|645063574|ref|WP_025434782.1|	31.5	219	134	5	4	654	3	207	6.2e-24	110.9
Unknown9_00357	gi|74503010|sp|Q5JEB0.1|WTPC_THEKO	32.3	220	136	5	1	654	2	210	8.1e-24	110.5
